job,start_time,end_time,elapse,state,ip,,,
bam_merge_and_sort,06:09.1,06:21.0,11,COMPLETE,14.12.58.146,,,
bam_merge_and_sort,06:09.1,06:21.0,11,COMPLETE,14.12.53.84,,,
bam_merge_and_sort,06:09.4,06:20.6,11,COMPLETE,14.12.18.250,,,
bam_merge_and_sort,06:08.8,06:20.6,11,COMPLETE,14.12.55.151,,,
bam_merge_and_sort,06:09.1,06:21.0,11,COMPLETE,14.12.22.156,,,
bam_merge_and_sort,06:08.8,06:21.7,12,COMPLETE,14.12.61.156,,,
bam_merge_and_sort,06:09.1,06:23.1,14,COMPLETE,14.12.53.135,,,
bam_merge_and_sort,06:08.8,06:22.6,13,COMPLETE,14.12.28.17,,,
bam_merge_and_sort,06:08.9,06:21.7,12,COMPLETE,14.12.19.193,,,
bam_merge_and_sort,06:08.8,06:21.5,12,COMPLETE,14.12.60.147,,,
bam_merge_and_sort,06:09.0,06:21.0,12,COMPLETE,14.12.62.39,,,
bam_merge_and_sort,06:08.9,06:22.4,13,COMPLETE,14.12.21.185,,,
bam_merge_and_sort,06:09.1,06:22.1,12,COMPLETE,14.12.48.62,,,
bam_merge_and_sort,06:08.8,06:23.1,14,COMPLETE,14.12.58.71,,,
bam_merge_and_sort,06:09.0,06:22.9,13,COMPLETE,14.12.22.252,,,
bam_merge_and_sort,06:08.9,06:23.1,14,COMPLETE,14.12.23.245,,,
bam_merge_and_sort,06:09.1,06:21.3,12,COMPLETE,14.12.16.31,,, 
bam_merge_and_sort,06:08.8,06:23.0,14,COMPLETE,14.12.19.109,,,
bam_merge_and_sort,06:09.1,06:22.5,13,COMPLETE,14.12.27.33,,,
bam_merge_and_sort,06:09.1,06:22.9,13,COMPLETE,14.12.54.105,,,
bam_merge_and_sort,06:09.0,06:22.7,13,COMPLETE,14.12.20.169,,,
bam_merge_and_sort,06:09.0,06:23.1,14,COMPLETE,14.12.24.160,,,
bam_merge_and_sort,06:09.1,06:21.6,12,COMPLETE,14.12.59.14,,,
bam_merge_and_sort,06:09.2,06:21.8,12,COMPLETE,14.12.18.216,,,
bam_merge_and_sort,06:09.1,06:21.7,12,COMPLETE,14.12.62.194,,,
bam_merge_and_sort,06:09.0,06:22.8,13,COMPLETE,14.12.50.61,,,
bam_merge_and_sort,06:09.1,06:23.3,14,COMPLETE,14.12.22.203,,,
bam_merge_and_sort,06:09.1,06:22.1,12,COMPLETE,14.12.48.216,,,
bam_merge_and_sort,06:08.8,06:22.2,13,COMPLETE,14.12.51.142,,,
bam_merge_and_sort,06:09.1,06:22.3,13,COMPLETE,14.12.29.206,,,
bam_merge_and_sort,06:09.2,06:21.4,12,COMPLETE,14.12.56.81,,,
bam_merge_and_sort,06:08.8,06:22.5,13,COMPLETE,14.12.59.211,,,
bam_merge_and_sort,06:08.9,06:21.3,12,COMPLETE,14.12.55.201,,,
bam_merge_and_sort,06:09.1,06:23.2,14,COMPLETE,14.12.56.86,,,
bam_merge_and_sort,06:09.1,06:21.7,12,COMPLETE,14.12.50.31,,,
bam_merge_and_sort,06:08.8,06:21.3,12,COMPLETE,14.12.28.248,,,
bam_merge_and_sort,06:09.1,06:21.7,12,COMPLETE,14.12.18.146,,,
bam_merge_and_sort,06:09.1,06:22.2,13,COMPLETE,14.12.26.211,,,
bam_merge_and_sort,06:09.4,06:22.3,12,COMPLETE,14.12.20.48,,,
bam_merge_and_sort,06:08.8,06:21.3,12,COMPLETE,14.12.53.128,,,
bam_merge_and_sort,06:08.7,06:22.3,13,COMPLETE,14.12.57.208,,,
bam_merge_and_sort,06:09.1,06:21.9,12,COMPLETE,14.12.29.14,,,
bam_merge_and_sort,06:08.9,06:22.0,13,COMPLETE,14.12.61.144,,,
bam_merge_and_sort,06:09.1,06:22.3,13,COMPLETE,14.12.48.108,,,
bam_merge_and_sort,06:09.0,06:22.5,13,COMPLETE,14.12.27.165,,,
bam_merge_and_sort,06:08.9,06:22.9,13,COMPLETE,14.12.22.53,,,
bam_merge_and_sort,06:08.9,06:22.6,13,COMPLETE,14.12.49.111,,,
bam_merge_and_sort,06:09.3,06:22.7,13,COMPLETE,14.12.56.123,,,
bam_merge_and_sort,06:09.1,06:22.8,13,COMPLETE,14.12.26.111,,,
bam_merge_and_sort,06:09.1,06:21.5,12,COMPLETE,14.12.50.87,,,
bam_merge_and_sort,06:09.3,06:23.1,13,COMPLETE,14.12.18.99,,,
bam_merge_and_sort,06:09.2,06:23.0,13,COMPLETE,14.12.59.30,,,
bam_merge_and_sort,06:09.1,06:22.7,13,COMPLETE,14.12.60.109,,,
bam_merge_and_sort,06:09.1,06:22.7,13,COMPLETE,14.12.63.45,,,
bam_merge_and_sort,06:09.1,06:21.5,12,COMPLETE,14.12.24.146,,,
bam_merge_and_sort,06:09.2,06:22.2,12,COMPLETE,14.12.16.27,,,
bam_merge_and_sort,06:09.1,06:21.8,12,COMPLETE,14.12.59.108,,,
bam_merge_and_sort,06:09.2,06:23.2,14,COMPLETE,14.12.31.165,,,
bam_merge_and_sort,06:09.1,06:23.0,13,COMPLETE,14.12.21.114,,,
bam_merge_and_sort,06:09.2,06:22.7,13,COMPLETE,14.12.57.78,,,
bam_merge_and_sort,06:09.1,06:22.6,13,COMPLETE,14.12.56.158,,,
bam_merge_and_sort,06:09.3,06:23.0,13,COMPLETE,14.12.22.4,,,
bam_merge_and_sort,06:09.0,06:23.1,14,COMPLETE,14.12.57.109,,,
bam_merge_and_sort,06:09.1,06:22.4,13,COMPLETE,14.12.23.212,,,
bam_merge_and_sort,06:09.2,06:21.7,12,COMPLETE,14.12.51.104,,,
bam_merge_and_sort,06:09.2,06:22.5,13,COMPLETE,14.12.63.119,,,
bam_merge_and_sort,06:09.2,06:23.1,13,COMPLETE,14.12.62.214,,,
bam_merge_and_sort,06:09.2,06:22.4,13,COMPLETE,14.12.26.216,,,
bam_merge_and_sort,06:08.9,06:22.9,14,COMPLETE,14.12.30.72,,,
bam_merge_and_sort,06:09.1,06:22.7,13,COMPLETE,14.12.24.45,,,
bam_merge_and_sort,06:09.2,06:22.9,13,COMPLETE,14.12.21.136,,,
bam_merge_and_sort,06:09.1,06:22.2,13,COMPLETE,14.12.21.56,,,
bam_merge_and_sort,06:09.2,06:21.4,12,COMPLETE,14.12.20.200,,,
bam_merge_and_sort,06:09.2,06:21.9,12,COMPLETE,14.12.49.102,,,
bam_merge_and_sort,06:09.1,06:22.4,13,COMPLETE,14.12.17.121,,,
bam_merge_and_sort,06:09.1,06:21.8,12,COMPLETE,14.12.57.190,,,
bam_merge_and_sort,06:08.9,06:20.9,12,COMPLETE,14.12.49.82,,,
bam_merge_and_sort,06:09.3,06:23.2,13,COMPLETE,14.12.20.213,,,
bam_merge_and_sort,06:09.2,06:21.5,12,COMPLETE,14.12.19.119,,,
bam_merge_and_sort,06:09.1,06:21.2,12,COMPLETE,14.12.30.19,,,
bam_merge_and_sort,06:09.3,06:22.8,13,COMPLETE,14.12.63.99,,,
bam_merge_and_sort,06:09.2,06:23.1,13,COMPLETE,14.12.23.56,,,
bam_merge_and_sort,06:09.4,06:23.1,13,COMPLETE,14.12.17.63,,,
bam_merge_and_sort,06:09.1,06:22.2,13,COMPLETE,14.12.51.27,,,
bam_merge_and_sort,06:09.3,06:22.1,12,COMPLETE,14.12.25.58,,,
bam_merge_and_sort,06:09.1,06:22.2,13,COMPLETE,14.12.57.26,,,
bam_merge_and_sort,06:08.9,06:21.8,12,COMPLETE,14.12.18.207,,,
bam_merge_and_sort,06:09.1,06:23.2,14,COMPLETE,14.12.16.103,,,
bam_merge_and_sort,06:09.2,06:23.0,13,COMPLETE,14.12.29.156,,,
bam_merge_and_sort,06:09.1,06:21.9,12,COMPLETE,14.12.26.34,,,
bam_merge_and_sort,06:08.9,06:23.1,14,COMPLETE,14.12.19.109,,,
bam_merge_and_sort,06:09.2,06:22.0,12,COMPLETE,14.12.29.56,,,
bam_merge_and_sort,06:09.4,06:23.2,13,COMPLETE,14.12.22.163,,,
bam_merge_and_sort,06:09.1,06:22.5,13,COMPLETE,14.12.58.106,,,
bam_merge_and_sort,06:09.2,06:23.3,14,COMPLETE,14.12.48.59,,,
bam_merge_and_sort,06:09.5,06:22.9,13,COMPLETE,14.12.21.21,,,
bam_merge_and_sort,06:09.5,06:23.7,14,COMPLETE,14.12.17.4,,,
bam_merge_and_sort,06:09.0,06:22.2,13,COMPLETE,14.12.20.226,,,
bam_merge_and_sort,06:09.2,06:22.3,13,COMPLETE,14.12.60.133,,,
bam_merge_and_sort,06:09.2,06:21.9,12,COMPLETE,14.12.30.125,,,
bam_merge_and_sort,06:09.3,06:23.3,13,COMPLETE,14.12.63.164,,,
bam_merge_and_sort,06:09.4,06:23.3,13,COMPLETE,14.12.23.187,,,
bam_merge_and_sort,06:09.4,06:23.2,13,COMPLETE,14.12.50.201,,,
bam_merge_and_sort,06:09.1,06:23.2,14,COMPLETE,14.12.26.28,,,
bam_merge_and_sort,06:09.2,06:22.1,12,COMPLETE,14.12.31.94,,,
bam_merge_and_sort,06:09.2,06:22.5,13,COMPLETE,14.12.62.252,,,
bam_merge_and_sort,06:09.6,06:23.5,13,COMPLETE,14.12.16.239,,,
bam_merge_and_sort,06:09.3,06:22.8,13,COMPLETE,14.12.53.149,,,
bam_merge_and_sort,06:09.3,06:23.3,14,COMPLETE,14.12.16.140,,,
bam_merge_and_sort,06:09.3,06:22.3,12,COMPLETE,14.12.48.93,,,
bam_merge_and_sort,06:08.9,06:22.8,13,COMPLETE,14.12.54.118,,,
bam_merge_and_sort,06:09.2,06:21.9,12,COMPLETE,14.12.54.12,,,
bam_merge_and_sort,06:09.3,06:22.6,13,COMPLETE,14.12.17.173,,,
bam_merge_and_sort,06:09.2,06:23.1,13,COMPLETE,14.12.19.7,,,
bam_merge_and_sort,06:08.9,06:21.1,12,COMPLETE,14.12.54.148,,,
bam_merge_and_sort,06:09.2,06:22.2,12,COMPLETE,14.12.22.60,,,
bam_merge_and_sort,06:09.4,06:22.9,13,COMPLETE,14.12.21.15,,,
bam_merge_and_sort,06:09.0,06:23.1,14,COMPLETE,14.12.29.13,,,
bam_merge_and_sort,06:09.2,06:22.2,13,COMPLETE,14.12.29.114,,,
bam_merge_and_sort,06:09.0,06:22.5,13,COMPLETE,14.12.54.178,,,
bam_merge_and_sort,06:09.5,06:23.7,14,COMPLETE,14.12.28.204,,,
bam_merge_and_sort,06:09.0,06:22.1,13,COMPLETE,14.12.51.56,,,
bam_merge_and_sort,06:09.4,06:22.3,12,COMPLETE,14.12.21.243,,,
bam_merge_and_sort,06:09.1,06:22.8,13,COMPLETE,14.12.60.200,,,
bam_merge_and_sort,06:09.2,06:22.7,13,COMPLETE,14.12.23.49,,,
bam_merge_and_sort,06:09.2,06:23.1,13,COMPLETE,14.12.57.117,,,
bam_merge_and_sort,06:09.5,06:23.0,13,COMPLETE,14.12.20.125,,,
bam_merge_and_sort,06:09.1,06:23.0,13,COMPLETE,14.12.25.77,,,
bam_merge_and_sort,06:09.2,06:23.0,13,COMPLETE,14.12.56.103,,,
bam_merge_and_sort,06:09.2,06:23.3,14,COMPLETE,14.12.17.1,,,
bam_merge_and_sort,06:09.3,06:23.1,13,COMPLETE,14.12.28.67,,,
bam_merge_and_sort,06:09.3,06:22.7,13,COMPLETE,14.12.60.159,,,
bam_merge_and_sort,06:09.5,06:23.6,14,COMPLETE,14.12.30.87,,,
bam_merge_and_sort,06:09.1,06:23.0,13,COMPLETE,14.12.29.96,,,
bam_merge_and_sort,06:09.2,06:23.2,13,COMPLETE,14.12.54.209,,,
bam_merge_and_sort,06:09.1,06:22.1,12,COMPLETE,14.12.24.185,,,
bam_merge_and_sort,06:09.3,06:23.5,14,COMPLETE,14.12.48.183,,,
bam_merge_and_sort,06:09.0,06:21.0,12,COMPLETE,14.12.51.118,,,
bam_merge_and_sort,06:09.2,06:23.0,13,COMPLETE,14.12.60.251,,,
bam_merge_and_sort,06:09.0,06:23.2,14,COMPLETE,14.12.31.88,,,
bam_merge_and_sort,06:09.1,06:23.2,14,COMPLETE,14.12.59.77,,,
bam_merge_and_sort,06:09.1,06:22.4,13,COMPLETE,14.12.62.107,,,
bam_merge_and_sort,06:09.2,06:22.7,13,COMPLETE,14.12.51.73,,,
bam_merge_and_sort,06:09.3,06:23.1,13,COMPLETE,14.12.62.147,,,
bam_merge_and_sort,06:09.3,06:23.2,13,COMPLETE,14.12.16.49,,,
bam_merge_and_sort,06:08.9,06:23.1,14,COMPLETE,14.12.50.252,,,
bam_merge_and_sort,06:09.2,06:21.5,12,COMPLETE,14.12.24.104,,,
bam_merge_and_sort,06:09.3,06:21.6,12,COMPLETE,14.12.60.177,,,
bam_merge_and_sort,06:09.1,06:21.1,11,COMPLETE,14.12.60.183,,,
bam_merge_and_sort,06:09.5,06:22.9,13,COMPLETE,14.12.48.195,,,
bam_merge_and_sort,06:09.3,06:23.3,14,COMPLETE,14.12.51.75,,,
bam_merge_and_sort,06:09.2,06:23.0,13,COMPLETE,14.12.55.48,,,
bam_merge_and_sort,06:09.5,06:22.7,13,COMPLETE,14.12.19.43,,,
bam_merge_and_sort,06:09.1,06:23.3,14,COMPLETE,14.12.60.38,,,
bam_merge_and_sort,06:09.3,06:22.5,13,COMPLETE,14.12.23.69,,,
bam_merge_and_sort,06:09.1,06:22.2,13,COMPLETE,14.12.48.223,,,
bam_merge_and_sort,06:09.2,06:21.3,12,COMPLETE,14.12.19.124,,,
bam_merge_and_sort,06:09.2,06:21.6,12,COMPLETE,14.12.56.136,,,
bam_merge_and_sort,06:09.5,06:23.4,13,COMPLETE,14.12.31.194,,,
bam_merge_and_sort,06:09.3,06:21.5,12,COMPLETE,14.12.48.67,,,
bam_merge_and_sort,06:09.1,06:23.2,14,COMPLETE,14.12.57.17,,,
bam_merge_and_sort,06:09.2,06:23.2,14,COMPLETE,14.12.49.189,,,
bam_merge_and_sort,06:09.3,06:23.2,13,COMPLETE,14.12.59.106,,,
bam_merge_and_sort,06:09.2,06:22.4,13,COMPLETE,14.12.20.70,,,
bam_merge_and_sort,06:09.0,06:22.0,12,COMPLETE,14.12.57.32,,,
bam_merge_and_sort,06:09.1,06:23.4,14,COMPLETE,14.12.30.37,,,
bam_merge_and_sort,06:09.1,06:25.1,15,COMPLETE,14.12.18.169,,,
bam_merge_and_sort,06:09.4,06:25.8,16,COMPLETE,14.12.17.4,,,
bam_merge_and_sort,06:08.7,06:23.4,14,COMPLETE,14.12.48.13,,,
bam_merge_and_sort,06:09.2,06:25.8,16,COMPLETE,14.12.62.116,,,
bam_merge_and_sort,06:08.8,06:23.5,14,COMPLETE,14.12.25.99,,,
bam_merge_and_sort,06:09.3,06:25.3,15,COMPLETE,14.12.24.28,,,
bam_merge_and_sort,06:09.1,06:24.2,15,COMPLETE,14.12.17.34,,,
bam_merge_and_sort,06:08.7,06:23.5,14,COMPLETE,14.12.52.79,,,
bam_merge_and_sort,06:09.1,06:25.5,16,COMPLETE,14.12.59.5,,,
bam_merge_and_sort,06:09.1,06:23.6,14,COMPLETE,14.12.60.194,,,
bam_merge_and_sort,06:09.4,06:23.9,14,COMPLETE,14.12.22.139,,,
bam_merge_and_sort,06:09.4,06:24.0,14,COMPLETE,14.12.26.6,,,
bam_merge_and_sort,06:09.1,06:25.1,15,COMPLETE,14.12.62.200,,,
bam_merge_and_sort,06:09.2,06:23.5,14,COMPLETE,14.12.56.41,,,
bam_merge_and_sort,06:09.0,06:24.4,15,COMPLETE,14.12.26.250,,,
bam_merge_and_sort,06:09.4,06:26.0,16,COMPLETE,14.12.22.139,,,
bam_merge_and_sort,06:09.1,06:24.0,14,COMPLETE,14.12.59.151,,,
bam_merge_and_sort,06:08.9,06:23.6,14,COMPLETE,14.12.27.105,,,
bam_merge_and_sort,06:09.0,06:23.7,14,COMPLETE,14.12.17.181,,,
bam_merge_and_sort,06:09.1,06:24.8,15,COMPLETE,14.12.63.213,,,
bam_merge_and_sort,06:09.2,06:24.1,14,COMPLETE,14.12.57.249,,,
bam_merge_and_sort,06:09.1,06:24.5,15,COMPLETE,14.12.55.233,,,
bam_merge_and_sort,06:09.4,06:24.5,15,COMPLETE,14.12.22.183,,,
bam_merge_and_sort,06:09.4,06:24.3,14,COMPLETE,14.12.24.28,,,
bam_merge_and_sort,06:08.8,06:24.6,15,COMPLETE,14.12.28.17,,,
bam_merge_and_sort,06:09.5,06:25.7,16,COMPLETE,14.12.16.239,,,
bam_merge_and_sort,06:09.2,06:23.7,14,COMPLETE,14.12.61.170,,,
bam_merge_and_sort,06:09.2,06:24.7,15,COMPLETE,14.12.58.245,,,
bam_merge_and_sort,06:09.1,06:24.7,15,COMPLETE,14.12.58.116,,,
bam_merge_and_sort,06:09.0,06:24.3,15,COMPLETE,14.12.52.217,,,
bam_merge_and_sort,06:09.4,06:25.8,16,COMPLETE,14.12.16.76,,,
bam_merge_and_sort,06:09.1,06:23.9,14,COMPLETE,14.12.54.173,,,
bam_merge_and_sort,06:09.1,06:25.3,16,COMPLETE,14.12.57.70,,,
bam_merge_and_sort,06:09.1,06:24.3,15,COMPLETE,14.12.52.20,,,
bam_merge_and_sort,06:09.1,06:25.1,15,COMPLETE,14.12.54.140,,,
bam_merge_and_sort,06:08.9,06:24.2,15,COMPLETE,14.12.26.115,,,
bam_merge_and_sort,06:09.4,06:25.4,16,COMPLETE,14.12.30.207,,,
bam_merge_and_sort,06:09.3,06:24.7,15,COMPLETE,14.12.24.82,,,
bam_merge_and_sort,06:09.4,06:23.7,14,COMPLETE,14.12.26.147,,,
bam_merge_and_sort,06:09.3,06:24.0,14,COMPLETE,14.12.29.36,,,
bam_merge_and_sort,06:09.1,06:23.8,14,COMPLETE,14.12.30.139,,,
bam_merge_and_sort,06:09.2,06:24.2,14,COMPLETE,14.12.21.252,,,
bam_merge_and_sort,06:09.4,06:25.3,15,COMPLETE,14.12.26.155,,,
bam_merge_and_sort,06:09.4,06:25.4,16,COMPLETE,14.12.30.207,,,
bam_merge_and_sort,06:09.1,06:23.4,14,COMPLETE,14.12.31.74,,,
bam_merge_and_sort,06:09.2,06:25.0,15,COMPLETE,14.12.19.44,,,
bam_merge_and_sort,06:09.1,06:23.5,14,COMPLETE,14.12.16.183,,,
bam_merge_and_sort,06:09.1,06:25.1,15,COMPLETE,14.12.63.104,,,
bam_merge_and_sort,06:09.3,06:24.2,14,COMPLETE,14.12.25.24,,,
bam_merge_and_sort,06:09.3,06:24.7,15,COMPLETE,14.12.18.216,,,
bam_merge_and_sort,06:09.1,06:25.1,16,COMPLETE,14.12.23.158,,,
bam_merge_and_sort,06:09.1,06:24.0,14,COMPLETE,14.12.57.77,,,
bam_merge_and_sort,06:09.1,06:25.1,15,COMPLETE,14.12.49.186,,,
bam_merge_and_sort,06:09.4,06:24.8,15,COMPLETE,14.12.18.99,,,
bam_merge_and_sort,06:09.3,06:24.2,14,COMPLETE,14.12.27.42,,,
bam_merge_and_sort,06:09.5,06:25.4,15,COMPLETE,14.12.16.148,,,
bam_merge_and_sort,06:09.2,06:23.9,14,COMPLETE,14.12.16.198,,,
bam_merge_and_sort,06:09.5,06:25.6,16,COMPLETE,14.12.26.147,,,
bam_merge_and_sort,06:09.1,06:24.2,15,COMPLETE,14.12.19.32,,,
bam_merge_and_sort,06:09.0,06:23.6,14,COMPLETE,14.12.21.185,,,
bam_merge_and_sort,06:09.3,06:24.0,14,COMPLETE,14.12.51.122,,,
bam_merge_and_sort,06:09.5,06:24.8,15,COMPLETE,14.12.20.125,,,
bam_merge_and_sort,06:09.4,06:24.3,14,COMPLETE,14.12.17.231,,,
bam_merge_and_sort,06:08.8,06:23.3,14,COMPLETE,14.12.58.133,,,
bam_merge_and_sort,06:09.2,06:24.9,15,COMPLETE,14.12.49.149,,,
bam_merge_and_sort,06:09.5,06:25.2,15,COMPLETE,14.12.16.148,,,
bam_merge_and_sort,06:09.2,06:25.4,16,COMPLETE,14.12.16.198,,,
bam_merge_and_sort,06:09.4,06:24.7,15,COMPLETE,14.12.31.69,,,
bam_merge_and_sort,06:09.2,06:25.2,15,COMPLETE,14.12.59.225,,,
bam_merge_and_sort,06:09.4,06:25.6,16,COMPLETE,14.12.30.159,,,
bam_merge_and_sort,06:09.4,06:24.3,14,COMPLETE,14.12.17.231,,,
bam_merge_and_sort,06:09.4,06:24.0,14,COMPLETE,14.12.30.159,,,
bam_merge_and_sort,06:09.2,06:24.0,14,COMPLETE,14.12.27.120,,,
bam_merge_and_sort,06:09.2,06:24.6,15,COMPLETE,14.12.58.45,,,
bam_merge_and_sort,06:09.0,06:24.9,15,COMPLETE,14.12.62.136,,,
bam_merge_and_sort,06:09.4,06:25.4,15,COMPLETE,14.12.28.204,,,
bam_merge_and_sort,06:09.2,06:25.4,16,COMPLETE,14.12.31.165,,,
bam_merge_and_sort,06:09.5,06:23.9,14,COMPLETE,14.12.28.82,,,
bam_merge_and_sort,06:09.5,06:26.0,16,COMPLETE,14.12.28.82,,,
bam_merge_and_sort,06:09.0,06:23.9,14,COMPLETE,14.12.21.148,,,
bam_merge_and_sort,06:09.3,06:25.4,16,COMPLETE,14.12.28.34,,,
bam_merge_and_sort,06:09.2,06:24.4,15,COMPLETE,14.12.56.196,,,
bam_merge_and_sort,06:09.2,06:25.5,16,COMPLETE,14.12.22.67,,,
bam_merge_and_sort,06:09.3,06:24.3,15,COMPLETE,14.12.50.99,,,
bam_merge_and_sort,06:09.2,06:23.6,14,COMPLETE,14.12.57.226,,,
bam_merge_and_sort,06:09.1,06:24.2,15,COMPLETE,14.12.26.11,,,
bam_merge_and_sort,06:09.2,06:25.4,16,COMPLETE,14.12.21.117,,,
bam_merge_and_sort,06:09.2,06:23.9,14,COMPLETE,14.12.23.62,,,
bam_merge_and_sort,06:09.1,06:25.5,16,COMPLETE,14.12.49.210,,,
bam_merge_and_sort,06:09.1,06:25.1,16,COMPLETE,14.12.26.28,,,
bam_merge_and_sort,06:09.3,06:24.9,15,COMPLETE,14.12.56.52,,,
bam_merge_and_sort,06:09.4,06:25.0,15,COMPLETE,14.12.21.15,,,
bam_merge_and_sort,06:09.1,06:25.2,16,COMPLETE,14.12.55.27,,,
bam_merge_and_sort,06:09.1,06:24.1,14,COMPLETE,14.12.20.214,,,
bam_merge_and_sort,06:09.2,06:25.6,16,COMPLETE,14.12.22.67,,,
bam_merge_and_sort,06:09.0,06:24.0,15,COMPLETE,14.12.54.254,,,
bam_merge_and_sort,06:09.2,06:24.0,14,COMPLETE,14.12.22.51,,,
bam_merge_and_sort,06:09.4,06:24.0,14,COMPLETE,14.12.23.187,,,
bam_merge_and_sort,06:09.0,06:24.1,15,COMPLETE,14.12.62.57,,,
bam_merge_and_sort,06:09.5,06:24.2,14,COMPLETE,14.12.17.63,,,
bam_merge_and_sort,06:09.2,06:24.8,15,COMPLETE,14.12.59.57,,,
bam_merge_and_sort,06:09.1,06:24.0,14,COMPLETE,14.12.62.83,,,
bam_merge_and_sort,06:08.9,06:25.3,16,COMPLETE,14.12.24.253,,,
bam_merge_and_sort,06:09.1,06:23.7,14,COMPLETE,14.12.31.54,,,
bam_merge_and_sort,06:09.2,06:24.9,15,COMPLETE,14.12.27.167,,,
bam_merge_and_sort,06:09.4,06:25.4,16,COMPLETE,14.12.20.213,,,
bam_merge_and_sort,06:09.3,06:23.7,14,COMPLETE,14.12.51.52,,,
bam_merge_and_sort,06:09.3,06:23.6,14,COMPLETE,14.12.16.188,,,
bam_merge_and_sort,06:09.3,06:25.0,15,COMPLETE,14.12.63.20,,,
bam_merge_and_sort,06:09.5,06:23.8,14,COMPLETE,14.12.19.43,,,
bam_merge_and_sort,06:09.1,06:24.2,15,COMPLETE,14.12.16.183,,,
bam_merge_and_sort,06:09.4,06:25.7,16,COMPLETE,14.12.25.24,,,
bam_merge_and_sort,06:09.5,06:24.0,14,COMPLETE,14.12.19.239,,,
bam_merge_and_sort,06:09.3,06:23.8,14,COMPLETE,14.12.52.86,,,
bam_merge_and_sort,06:09.4,06:24.7,15,COMPLETE,14.12.28.73,,,
bam_merge_and_sort,06:09.3,06:24.1,14,COMPLETE,14.12.60.86,,,
bam_merge_and_sort,06:09.4,06:24.5,15,COMPLETE,14.12.23.1,,,
bam_merge_and_sort,06:09.5,06:23.7,14,COMPLETE,14.12.31.123,,,
bam_merge_and_sort,06:09.0,06:23.9,14,COMPLETE,14.12.49.13,,,
bam_merge_and_sort,06:09.4,06:23.8,14,COMPLETE,14.12.28.34,,,
bam_merge_and_sort,06:09.4,06:25.5,16,COMPLETE,14.12.29.253,,,
bam_merge_and_sort,06:09.5,06:25.7,16,COMPLETE,14.12.22.183,,,
bam_merge_and_sort,06:09.4,06:25.4,16,COMPLETE,14.12.26.6,,,
bam_merge_and_sort,06:09.3,06:26.7,17,COMPLETE,14.12.24.158,,,
bam_merge_and_sort,06:09.2,06:26.6,17,COMPLETE,14.12.31.184,,,
bam_merge_and_sort,06:09.1,06:26.6,17,COMPLETE,14.12.53.68,,,
bam_merge_and_sort,06:09.0,06:25.9,16,COMPLETE,14.12.23.158,,,
bam_merge_and_sort,06:09.1,06:26.3,17,COMPLETE,14.12.54.83,,,
bam_merge_and_sort,06:09.1,06:25.8,16,COMPLETE,14.12.23.193,,,
bam_merge_and_sort,06:09.2,06:27.6,18,COMPLETE,14.12.25.178,,,
bam_merge_and_sort,06:09.1,06:26.5,17,COMPLETE,14.12.61.177,,,
bam_merge_and_sort,06:08.7,06:26.4,17,COMPLETE,14.12.16.78,,,
bam_merge_and_sort,06:09.1,06:26.2,17,COMPLETE,14.12.51.243,,,
bam_merge_and_sort,06:08.9,06:25.9,16,COMPLETE,14.12.25.188,,,
bam_merge_and_sort,06:09.5,06:26.8,17,COMPLETE,14.12.23.7,,,
bam_merge_and_sort,06:09.2,06:25.8,16,COMPLETE,14.12.59.69,,,
bam_merge_and_sort,06:09.1,06:26.2,17,COMPLETE,14.12.63.96,,,
bam_merge_and_sort,06:09.3,06:26.7,17,COMPLETE,14.12.27.42,,,
bam_merge_and_sort,06:09.3,06:27.8,18,COMPLETE,14.12.31.134,,,
bam_merge_and_sort,06:09.4,06:26.8,17,COMPLETE,14.12.23.1,,,
bam_merge_and_sort,06:09.4,06:26.0,16,COMPLETE,14.12.28.73,,,
bam_merge_and_sort,06:09.1,06:26.7,17,COMPLETE,14.12.53.254,,,
bam_merge_and_sort,06:09.4,06:27.1,17,COMPLETE,14.12.24.158,,,
bam_merge_and_sort,06:09.5,06:26.8,17,COMPLETE,14.12.30.87,,,
bam_merge_and_sort,06:09.2,06:26.0,16,COMPLETE,14.12.52.172,,,
bam_merge_and_sort,06:09.5,06:26.5,17,COMPLETE,14.12.31.194,,,
bam_merge_and_sort,06:09.4,06:26.0,16,COMPLETE,14.12.22.163,,,
bam_merge_and_sort,06:09.3,06:26.0,16,COMPLETE,14.12.50.48,,,
bam_merge_and_sort,06:09.5,06:26.8,17,COMPLETE,14.12.16.76,,,
bam_merge_and_sort,06:09.4,06:26.3,16,COMPLETE,14.12.22.4,,,
bam_merge_and_sort,06:09.1,06:25.7,16,COMPLETE,14.12.31.54,,,
bam_merge_and_sort,06:09.1,06:28.1,19,COMPLETE,14.12.31.84,,,
bam_merge_and_sort,06:09.4,06:29.9,20,COMPLETE,14.12.21.21,,,
bam_merge_and_sort,06:09.5,06:28.4,18,COMPLETE,14.12.23.7,,,
bam_merge_and_sort,06:09.2,06:28.4,19,COMPLETE,14.12.16.75,,,
bam_merge_and_sort,06:09.0,06:27.8,18,COMPLETE,14.12.25.188,,,
bam_merge_and_sort,06:09.0,06:30.5,21,COMPLETE,14.12.31.88,,,
bam_merge_and_sort,06:20.6,06:33.5,12,COMPLETE,14.12.18.250,,,
bam_merge_and_sort,06:20.6,06:34.3,13,COMPLETE,14.12.55.151,,,
bam_merge_and_sort,06:21.0,06:34.4,13,COMPLETE,14.12.53.84,,,
bam_merge_and_sort,06:21.0,06:32.9,11,COMPLETE,14.12.22.156,,,
bam_merge_and_sort,06:21.0,06:33.9,12,COMPLETE,14.12.62.39,,,
bam_merge_and_sort,06:21.2,06:34.3,13,COMPLETE,14.12.30.19,,,
bam_merge_and_sort,06:21.0,06:34.0,12,COMPLETE,14.12.51.118,,,
bam_merge_and_sort,06:21.4,06:34.5,13,COMPLETE,14.12.56.81,,,
bam_merge_and_sort,06:21.3,06:34.1,12,COMPLETE,14.12.19.124,,,
bam_merge_and_sort,06:21.6,06:34.3,12,COMPLETE,14.12.60.177,,,
bam_merge_and_sort,06:21.5,06:33.7,12,COMPLETE,14.12.24.146,,,
bam_merge_and_sort,06:21.6,06:34.0,12,COMPLETE,14.12.56.136,,,
bam_merge_and_sort,06:21.6,06:34.6,12,COMPLETE,14.12.59.14,,,
bam_merge_and_sort,06:21.7,06:33.9,12,COMPLETE,14.12.51.104,,,
bam_merge_and_sort,06:21.7,06:34.7,12,COMPLETE,14.12.62.194,,,
bam_merge_and_sort,06:21.8,06:34.3,12,COMPLETE,14.12.57.190,,,
bam_merge_and_sort,06:21.9,06:34.5,12,COMPLETE,14.12.26.34,,,
bam_merge_and_sort,06:22.6,06:34.5,11,COMPLETE,14.12.17.173,,,
bam_merge_and_sort,06:22.5,06:34.5,12,COMPLETE,14.12.58.106,,,
bam_merge_and_sort,06:22.5,06:34.5,12,COMPLETE,14.12.54.178,,,
bam_merge_and_sort,06:09.0,06:36.5,27,COMPLETE,14.12.23.248,,,
bam_merge_and_sort,06:09.1,06:35.3,26,COMPLETE,14.12.31.103,,,
bam_merge_and_sort,06:08.8,06:36.0,27,COMPLETE,14.12.53.71,,,
bam_merge_and_sort,06:08.7,06:34.7,26,COMPLETE,14.12.60.33,,,
bam_merge_and_sort,06:21.0,06:35.6,14,COMPLETE,14.12.58.146,,,
bam_merge_and_sort,06:21.1,06:35.9,14,COMPLETE,14.12.60.183,,,
bam_merge_and_sort,06:20.9,06:35.5,14,COMPLETE,14.12.49.82,,,
bam_merge_and_sort,06:21.3,06:35.5,14,COMPLETE,14.12.16.31,,,
bam_merge_and_sort,06:21.1,06:35.1,13,COMPLETE,14.12.54.148,,,
bam_merge_and_sort,06:21.4,06:34.9,13,COMPLETE,14.12.20.200,,,
bam_merge_and_sort,06:21.5,06:35.3,13,COMPLETE,14.12.19.119,,,
bam_merge_and_sort,06:21.5,06:35.5,13,COMPLETE,14.12.48.67,,,
bam_merge_and_sort,06:21.5,06:34.9,13,COMPLETE,14.12.50.87,,,
bam_merge_and_sort,06:21.3,06:36.4,15,COMPLETE,14.12.55.201,,,
bam_merge_and_sort,06:21.3,06:35.2,13,COMPLETE,14.12.28.248,,,
bam_merge_and_sort,06:21.3,06:35.8,14,COMPLETE,14.12.53.128,,,
bam_merge_and_sort,06:21.8,06:35.1,13,COMPLETE,14.12.18.216,,,
bam_merge_and_sort,06:21.5,06:35.0,13,COMPLETE,14.12.60.147,,,
bam_merge_and_sort,06:21.7,06:36.7,15,COMPLETE,14.12.50.31,,,
bam_merge_and_sort,06:21.8,06:35.3,13,COMPLETE,14.12.59.108,,,
bam_merge_and_sort,06:21.9,06:35.8,13,COMPLETE,14.12.30.125,,,
bam_merge_and_sort,06:21.7,06:34.7,13,COMPLETE,14.12.19.193,,,
bam_merge_and_sort,06:21.9,06:35.3,13,COMPLETE,14.12.29.14,,,
bam_merge_and_sort,06:21.9,06:35.5,13,COMPLETE,14.12.49.102,,,
bam_merge_and_sort,06:21.9,06:35.8,13,COMPLETE,14.12.54.12,,,
bam_merge_and_sort,06:21.8,06:35.8,13,COMPLETE,14.12.18.207,,,
bam_merge_and_sort,06:22.1,06:35.8,13,COMPLETE,14.12.48.62,,,
bam_merge_and_sort,06:22.1,06:36.2,14,COMPLETE,14.12.48.216,,,
bam_merge_and_sort,06:22.2,06:36.6,14,COMPLETE,14.12.16.27,,,
bam_merge_and_sort,06:22.1,06:35.8,13,COMPLETE,14.12.31.94,,,
bam_merge_and_sort,06:22.3,06:36.4,14,COMPLETE,14.12.48.93,,,
bam_merge_and_sort,06:22.2,06:35.3,13,COMPLETE,14.12.21.56,,,
bam_merge_and_sort,06:22.2,06:35.3,13,COMPLETE,14.12.51.27,,,
bam_merge_and_sort,06:22.1,06:36.3,14,COMPLETE,14.12.24.185,,,
bam_merge_and_sort,06:22.2,06:35.7,13,COMPLETE,14.12.26.211,,,
bam_merge_and_sort,06:22.0,06:36.6,14,COMPLETE,14.12.57.32,,,
bam_merge_and_sort,06:22.2,06:35.9,13,COMPLETE,14.12.57.26,,,
bam_merge_and_sort,06:22.3,06:36.4,14,COMPLETE,14.12.29.206,,,
bam_merge_and_sort,06:22.3,06:36.3,14,COMPLETE,14.12.60.133,,,
bam_merge_and_sort,06:22.0,06:36.5,14,COMPLETE,14.12.61.144,,,
bam_merge_and_sort,06:22.2,06:36.1,13,COMPLETE,14.12.48.223,,,
bam_merge_and_sort,06:22.2,06:35.4,13,COMPLETE,14.12.20.226,,,
bam_merge_and_sort,06:22.4,06:35.7,13,COMPLETE,14.12.26.216,,,
bam_merge_and_sort,06:22.3,06:35.5,13,COMPLETE,14.12.48.108,,,
bam_merge_and_sort,06:22.5,06:35.3,12,COMPLETE,14.12.23.69,,,
bam_merge_and_sort,06:22.5,06:35.3,12,COMPLETE,14.12.63.119,,,
bam_merge_and_sort,06:22.4,06:37.0,14,COMPLETE,14.12.17.121,,,
bam_merge_and_sort,06:22.4,06:35.3,12,COMPLETE,14.12.62.107,,,
bam_merge_and_sort,06:22.9,06:35.8,12,COMPLETE,14.12.48.195,,,
bam_merge_and_sort,06:22.7,06:35.1,12,COMPLETE,14.12.57.78,,,
bam_merge_and_sort,06:22.6,06:36.0,13,COMPLETE,14.12.56.158,,,
bam_merge_and_sort,06:22.4,06:36.4,13,COMPLETE,14.12.21.185,,,
bam_merge_and_sort,06:22.3,06:35.5,13,COMPLETE,14.12.57.208,,,
bam_merge_and_sort,06:22.8,06:35.9,13,COMPLETE,14.12.63.99,,,
bam_merge_and_sort,06:22.9,06:36.8,13,COMPLETE,14.12.21.21,,,
bam_merge_and_sort,06:22.5,06:35.5,12,COMPLETE,14.12.27.165,,,
bam_merge_and_sort,06:22.8,06:35.4,12,COMPLETE,14.12.53.149,,,
bam_merge_and_sort,06:22.7,06:36.7,13,COMPLETE,14.12.23.49,,,
bam_merge_and_sort,06:22.5,06:36.0,13,COMPLETE,14.12.59.211,,,
bam_merge_and_sort,06:22.7,06:35.5,12,COMPLETE,14.12.24.45,,,
bam_merge_and_sort,06:22.7,06:36.4,13,COMPLETE,14.12.20.169,,,
bam_merge_and_sort,06:23.1,06:37.1,13,COMPLETE,14.12.18.99,,,
bam_merge_and_sort,06:22.8,06:35.7,12,COMPLETE,14.12.50.61,,,
bam_merge_and_sort,06:22.8,06:36.3,13,COMPLETE,14.12.60.200,,,
bam_merge_and_sort,06:22.6,06:36.7,14,COMPLETE,14.12.28.17,,,
bam_merge_and_sort,06:23.1,06:36.3,13,COMPLETE,14.12.62.147,,,
bam_merge_and_sort,06:23.0,06:36.4,13,COMPLETE,14.12.56.103,,,
bam_merge_and_sort,06:23.0,06:35.2,12,COMPLETE,14.12.21.114,,,
bam_merge_and_sort,06:23.1,06:36.9,13,COMPLETE,14.12.28.67,,,
bam_merge_and_sort,06:23.2,06:36.7,13,COMPLETE,14.12.50.201,,,
bam_merge_and_sort,06:23.1,06:37.0,13,COMPLETE,14.12.23.56,,,
bam_merge_and_sort,06:22.9,06:35.8,12,COMPLETE,14.12.22.252,,,
bam_merge_and_sort,06:22.9,06:36.8,13,COMPLETE,14.12.22.53,,,
bam_merge_and_sort,06:23.1,06:35.2,12,COMPLETE,14.12.19.7,,,
bam_merge_and_sort,06:23.1,06:36.0,12,COMPLETE,14.12.62.214,,,
bam_merge_and_sort,06:22.8,06:35.5,12,COMPLETE,14.12.54.118,,,
bam_merge_and_sort,06:23.1,06:35.9,12,COMPLETE,14.12.57.117,,,
bam_merge_and_sort,06:23.2,06:36.4,13,COMPLETE,14.12.16.49,,,
bam_merge_and_sort,06:23.3,06:35.8,12,COMPLETE,14.12.63.164,,,
bam_merge_and_sort,06:23.2,06:36.9,13,COMPLETE,14.12.59.106,,,
bam_merge_and_sort,06:23.2,06:35.8,12,COMPLETE,14.12.54.209,,,
bam_merge_and_sort,06:23.1,06:35.5,12,COMPLETE,14.12.24.160,,,
bam_merge_and_sort,06:23.0,06:36.9,13,COMPLETE,14.12.29.96,,,
bam_merge_and_sort,06:23.3,06:36.7,13,COMPLETE,14.12.16.140,,,
bam_merge_and_sort,06:23.2,06:37.1,13,COMPLETE,14.12.31.165,,,
bam_merge_and_sort,06:23.3,06:37.0,13,COMPLETE,14.12.48.59,,,
bam_merge_and_sort,06:23.1,06:35.6,12,COMPLETE,14.12.29.13,,,
bam_merge_and_sort,06:23.1,06:36.9,13,COMPLETE,14.12.57.109,,,
bam_merge_and_sort,06:23.2,06:35.3,12,COMPLETE,14.12.57.17,,,
bam_merge_and_sort,06:23.1,06:35.2,12,COMPLETE,14.12.58.71,,,
bam_merge_and_sort,06:23.3,06:35.7,12,COMPLETE,14.12.22.203,,,
bam_merge_and_sort,06:23.3,06:36.9,13,COMPLETE,14.12.17.1,,,
bam_merge_and_sort,06:23.4,06:36.2,12,COMPLETE,14.12.30.37,,,
bam_merge_and_sort,06:23.4,06:35.5,12,COMPLETE,14.12.31.74,,,
bam_merge_and_sort,06:23.3,06:35.5,12,COMPLETE,14.12.60.38,,,
bam_merge_and_sort,06:23.5,06:36.2,12,COMPLETE,14.12.48.183,,,
bam_merge_and_sort,06:23.5,06:36.9,13,COMPLETE,14.12.56.41,,,
bam_merge_and_sort,06:23.8,06:37.1,13,COMPLETE,14.12.19.43,,,
bam_merge_and_sort,06:23.6,06:36.5,12,COMPLETE,14.12.16.188,,,
bam_merge_and_sort,06:23.7,06:36.0,12,COMPLETE,14.12.61.170,,,
bam_merge_and_sort,06:23.6,06:36.6,13,COMPLETE,14.12.27.105,,,
bam_merge_and_sort,06:24.2,06:37.2,12,COMPLETE,14.12.17.63,,,
bam_merge_and_sort,06:23.9,06:35.4,11,COMPLETE,14.12.21.148,,,
bam_merge_and_sort,06:24.2,06:36.9,12,COMPLETE,14.12.21.252,,,
bam_merge_and_sort,06:24.1,06:36.3,12,COMPLETE,14.12.62.57,,,
bam_merge_and_sort,06:24.3,06:36.8,12,COMPLETE,14.12.52.217,,,
bam_merge_and_sort,06:24.8,06:36.7,11,COMPLETE,14.12.63.213,,,
bam_merge_and_sort,06:09.1,06:39.1,29,COMPLETE,14.12.27.21,,,
bam_merge_and_sort,06:09.0,06:39.0,30,COMPLETE,14.12.60.36,,,
bam_merge_and_sort,06:08.9,06:38.3,29,COMPLETE,14.12.48.170,,,
bam_merge_and_sort,06:09.1,06:38.1,29,COMPLETE,14.12.30.208,,,
bam_merge_and_sort,06:08.8,06:38.3,29,COMPLETE,14.12.55.164,,,
bam_merge_and_sort,06:09.1,06:37.4,28,COMPLETE,14.12.58.132,,,
bam_merge_and_sort,06:09.1,06:37.3,28,COMPLETE,14.12.23.88,,,
bam_merge_and_sort,06:09.4,06:38.3,28,COMPLETE,14.12.19.239,,,
bam_merge_and_sort,06:21.5,06:37.9,16,COMPLETE,14.12.24.104,,,
bam_merge_and_sort,06:21.7,06:37.5,15,COMPLETE,14.12.18.146,,,
bam_merge_and_sort,06:22.0,06:37.6,15,COMPLETE,14.12.29.56,,,
bam_merge_and_sort,06:22.1,06:38.3,16,COMPLETE,14.12.25.58,,,
bam_merge_and_sort,06:22.3,06:37.6,15,COMPLETE,14.12.20.48,,,
bam_merge_and_sort,06:22.3,06:38.7,16,COMPLETE,14.12.21.243,,,
bam_merge_and_sort,06:22.2,06:37.3,15,COMPLETE,14.12.22.60,,,
bam_merge_and_sort,06:22.2,06:37.3,15,COMPLETE,14.12.29.114,,,
bam_merge_and_sort,06:22.1,06:37.7,15,COMPLETE,14.12.51.56,,,
bam_merge_and_sort,06:22.4,06:37.2,14,COMPLETE,14.12.20.70,,,
bam_merge_and_sort,06:22.7,06:39.5,16,COMPLETE,14.12.19.43,,,
bam_merge_and_sort,06:22.5,06:37.8,15,COMPLETE,14.12.27.33,,,
bam_merge_and_sort,06:22.5,06:38.9,16,COMPLETE,14.12.62.252,,,
bam_merge_and_sort,06:22.7,06:37.7,15,COMPLETE,14.12.56.123,,,
bam_merge_and_sort,06:23.0,06:38.4,15,COMPLETE,14.12.20.125,,,
bam_merge_and_sort,06:22.7,06:37.9,15,COMPLETE,14.12.60.159,,,
bam_merge_and_sort,06:22.9,06:38.7,15,COMPLETE,14.12.21.15,,,
bam_merge_and_sort,06:22.7,06:37.3,14,COMPLETE,14.12.63.45,,,
bam_merge_and_sort,06:22.7,06:37.5,14,COMPLETE,14.12.51.73,,,
bam_merge_and_sort,06:22.7,06:37.2,14,COMPLETE,14.12.60.109,,,
bam_merge_and_sort,06:23.0,06:37.4,14,COMPLETE,14.12.22.4,,,
bam_merge_and_sort,06:22.8,06:37.4,14,COMPLETE,14.12.26.111,,,
bam_merge_and_sort,06:23.1,06:38.3,15,COMPLETE,14.12.17.63,,,
bam_merge_and_sort,06:22.9,06:38.2,15,COMPLETE,14.12.21.136,,,
bam_merge_and_sort,06:23.0,06:39.3,16,COMPLETE,14.12.29.156,,,
bam_merge_and_sort,06:23.0,06:37.7,14,COMPLETE,14.12.55.48,,,
bam_merge_and_sort,06:23.2,06:38.9,15,COMPLETE,14.12.22.163,,,
bam_merge_and_sort,06:23.0,06:39.3,16,COMPLETE,14.12.60.251,,,
bam_merge_and_sort,06:23.2,06:37.3,14,COMPLETE,14.12.20.213,,,
bam_merge_and_sort,06:23.4,06:38.2,14,COMPLETE,14.12.31.194,,,
bam_merge_and_sort,06:23.0,06:37.4,14,COMPLETE,14.12.25.77,,,
bam_merge_and_sort,06:23.1,06:38.0,14,COMPLETE,14.12.53.135,,,
bam_merge_and_sort,06:23.3,06:37.3,13,COMPLETE,14.12.23.187,,,
bam_merge_and_sort,06:23.5,06:38.8,15,COMPLETE,14.12.16.239,,,
bam_merge_and_sort,06:22.9,06:37.8,14,COMPLETE,14.12.30.72,,,
bam_merge_and_sort,06:23.2,06:37.0,13,COMPLETE,14.12.16.103,,,
bam_merge_and_sort,06:23.2,06:37.4,14,COMPLETE,14.12.49.189,,,
bam_merge_and_sort,06:23.2,06:37.7,14,COMPLETE,14.12.59.77,,,
bam_merge_and_sort,06:23.1,06:37.0,13,COMPLETE,14.12.23.245,,,
bam_merge_and_sort,06:23.0,06:36.9,13,COMPLETE,14.12.19.109,,,
bam_merge_and_sort,06:23.2,06:38.5,15,COMPLETE,14.12.26.28,,,
bam_merge_and_sort,06:23.1,06:37.8,14,COMPLETE,14.12.19.109,,,
bam_merge_and_sort,06:23.7,06:39.3,15,COMPLETE,14.12.17.4,,,
bam_merge_and_sort,06:23.1,06:37.1,14,COMPLETE,14.12.50.252,,,
bam_merge_and_sort,06:23.2,06:37.9,14,COMPLETE,14.12.31.88,,,
bam_merge_and_sort,06:23.7,06:37.6,13,COMPLETE,14.12.26.147,,,
bam_merge_and_sort,06:23.7,06:38.4,14,COMPLETE,14.12.28.204,,,
bam_merge_and_sort,06:23.7,06:38.3,14,COMPLETE,14.12.31.123,,,
bam_merge_and_sort,06:23.9,06:39.3,15,COMPLETE,14.12.28.82,,,
bam_merge_and_sort,06:23.6,06:38.2,14,COMPLETE,14.12.57.226,,,
bam_merge_and_sort,06:23.6,06:37.2,13,COMPLETE,14.12.60.194,,,
bam_merge_and_sort,06:23.9,06:37.9,13,COMPLETE,14.12.22.139,,,
bam_merge_and_sort,06:23.8,06:38.2,14,COMPLETE,14.12.28.34,,,
bam_merge_and_sort,06:23.3,06:37.1,13,COMPLETE,14.12.58.133,,,
bam_merge_and_sort,06:24.0,06:38.7,14,COMPLETE,14.12.26.6,,,
bam_merge_and_sort,06:23.8,06:37.9,14,COMPLETE,14.12.52.86,,,
bam_merge_and_sort,06:23.4,06:37.2,13,COMPLETE,14.12.48.13,,,
bam_merge_and_sort,06:23.7,06:37.1,13,COMPLETE,14.12.17.181,,,
bam_merge_and_sort,06:24.0,06:38.1,14,COMPLETE,14.12.30.159,,,
bam_merge_and_sort,06:23.9,06:38.0,14,COMPLETE,14.12.16.198,,,
bam_merge_and_sort,06:24.0,06:37.5,13,COMPLETE,14.12.51.122,,,
bam_merge_and_sort,06:23.7,06:37.4,13,COMPLETE,14.12.31.54,,,
bam_merge_and_sort,06:24.0,06:38.2,14,COMPLETE,14.12.29.36,,,
bam_merge_and_sort,06:23.8,06:37.3,13,COMPLETE,14.12.30.139,,,
bam_merge_and_sort,06:23.5,06:38.2,14,COMPLETE,14.12.52.79,,,
bam_merge_and_sort,06:23.9,06:38.9,15,COMPLETE,14.12.23.62,,,
bam_merge_and_sort,06:23.9,06:37.1,13,COMPLETE,14.12.54.173,,,
bam_merge_and_sort,06:24.0,06:38.2,14,COMPLETE,14.12.22.51,,,
bam_merge_and_sort,06:24.0,06:37.7,13,COMPLETE,14.12.27.120,,,
bam_merge_and_sort,06:24.3,06:38.4,14,COMPLETE,14.12.17.231,,,
bam_merge_and_sort,06:24.0,06:38.2,14,COMPLETE,14.12.59.151,,,
bam_merge_and_sort,06:24.0,06:38.7,14,COMPLETE,14.12.57.77,,,
bam_merge_and_sort,06:24.3,06:37.7,13,COMPLETE,14.12.17.231,,,
bam_merge_and_sort,06:24.1,06:37.7,13,COMPLETE,14.12.57.249,,,
bam_merge_and_sort,06:24.0,06:37.4,13,COMPLETE,14.12.62.83,,,
bam_merge_and_sort,06:24.3,06:38.3,13,COMPLETE,14.12.24.28,,,
bam_merge_and_sort,06:24.2,06:38.2,13,COMPLETE,14.12.27.42,,,
bam_merge_and_sort,06:24.2,06:38.4,14,COMPLETE,14.12.17.34,,,
bam_merge_and_sort,06:24.1,06:38.4,14,COMPLETE,14.12.20.214,,,
bam_merge_and_sort,06:24.3,06:39.0,14,COMPLETE,14.12.50.99,,,
bam_merge_and_sort,06:24.2,06:38.9,14,COMPLETE,14.12.16.183,,,
bam_merge_and_sort,06:24.2,06:37.8,13,COMPLETE,14.12.26.11,,,
bam_merge_and_sort,06:24.0,06:37.9,13,COMPLETE,14.12.54.254,,,
bam_merge_and_sort,06:24.5,06:39.2,14,COMPLETE,14.12.23.1,,,
bam_merge_and_sort,06:24.2,06:37.9,13,COMPLETE,14.12.19.32,,,
bam_merge_and_sort,06:24.4,06:38.1,13,COMPLETE,14.12.56.196,,,
bam_merge_and_sort,06:24.4,06:37.8,13,COMPLETE,14.12.26.250,,,
bam_merge_and_sort,06:24.2,06:37.9,13,COMPLETE,14.12.26.115,,,
bam_merge_and_sort,06:24.7,06:38.1,13,COMPLETE,14.12.31.69,,,
bam_merge_and_sort,06:24.5,06:38.4,13,COMPLETE,14.12.55.233,,,
bam_merge_and_sort,06:24.7,06:38.2,13,COMPLETE,14.12.24.82,,,
bam_merge_and_sort,06:24.6,06:38.2,13,COMPLETE,14.12.58.45,,,
bam_merge_and_sort,06:24.7,06:37.6,12,COMPLETE,14.12.58.245,,,
bam_merge_and_sort,06:25.2,06:39.6,14,COMPLETE,14.12.16.148,,,
bam_merge_and_sort,06:24.9,06:38.0,13,COMPLETE,14.12.27.167,,,
bam_merge_and_sort,06:24.9,06:38.3,13,COMPLETE,14.12.56.52,,,
bam_merge_and_sort,06:24.6,06:38.7,14,COMPLETE,14.12.28.17,,,
bam_merge_and_sort,06:25.0,06:39.4,14,COMPLETE,14.12.49.149,,,
bam_merge_and_sort,06:25.0,06:38.3,13,COMPLETE,14.12.19.44,,,
bam_merge_and_sort,06:25.1,06:38.6,13,COMPLETE,14.12.18.169,,,
bam_merge_and_sort,06:25.1,06:38.4,13,COMPLETE,14.12.54.140,,,
bam_merge_and_sort,06:25.3,06:38.3,13,COMPLETE,14.12.24.28,,,
bam_merge_and_sort,06:25.4,06:38.5,13,COMPLETE,14.12.26.6,,,
bam_merge_and_sort,06:25.1,06:38.4,13,COMPLETE,14.12.62.200,,,
bam_merge_and_sort,06:25.4,06:39.2,13,COMPLETE,14.12.28.204,,,
bam_merge_and_sort,06:25.3,06:38.2,12,COMPLETE,14.12.26.155,,,
bam_merge_and_sort,06:24.9,06:37.7,12,COMPLETE,14.12.62.136,,,
bam_merge_and_sort,06:25.1,06:38.9,13,COMPLETE,14.12.26.28,,,
bam_merge_and_sort,06:25.2,06:38.6,13,COMPLETE,14.12.55.27,,,
bam_merge_and_sort,06:25.6,06:39.3,13,COMPLETE,14.12.30.159,,,
bam_merge_and_sort,06:25.4,06:39.4,13,COMPLETE,14.12.16.198,,,
bam_merge_and_sort,06:25.5,06:39.5,13,COMPLETE,14.12.29.253,,,
bam_merge_and_sort,06:25.3,06:38.5,13,COMPLETE,14.12.57.70,,,
bam_merge_and_sort,06:25.4,06:38.9,13,COMPLETE,14.12.21.117,,,
bam_merge_and_sort,06:25.5,06:39.2,13,COMPLETE,14.12.22.67,,,
bam_merge_and_sort,06:25.7,06:38.9,13,COMPLETE,14.12.22.183,,,
bam_merge_and_sort,06:25.8,06:39.5,13,COMPLETE,14.12.16.76,,,
bam_merge_and_sort,06:25.6,06:39.2,13,COMPLETE,14.12.22.67,,,
bam_merge_and_sort,06:25.8,06:38.6,12,COMPLETE,14.12.62.116,,,
bam_merge_and_sort,06:26.2,06:39.0,12,COMPLETE,14.12.51.243,,,
bam_merge_and_sort,06:26.6,06:39.3,12,COMPLETE,14.12.31.184,,,
bam_merge_and_sort,06:09.1,06:39.4,30,COMPLETE,14.12.30.160,,,
bam_merge_and_sort,06:08.7,06:39.6,30,COMPLETE,14.12.53.13,,,
bam_merge_and_sort,06:21.8,06:40.2,18,COMPLETE,14.12.61.156,,,
bam_merge_and_sort,06:22.6,06:39.2,16,COMPLETE,14.12.49.111,,,
bam_merge_and_sort,06:23.1,06:39.9,16,COMPLETE,14.12.59.30,,,
bam_merge_and_sort,06:23.3,06:40.5,17,COMPLETE,14.12.51.75,,,
bam_merge_and_sort,06:23.6,06:39.6,15,COMPLETE,14.12.30.87,,,
bam_merge_and_sort,06:23.5,06:40.7,17,COMPLETE,14.12.16.183,,,
bam_merge_and_sort,06:24.0,06:41.3,17,COMPLETE,14.12.19.239,,,
bam_merge_and_sort,06:23.6,06:39.2,15,COMPLETE,14.12.21.185,,,
bam_merge_and_sort,06:23.5,06:39.5,15,COMPLETE,14.12.25.99,,,
bam_merge_and_sort,06:24.0,06:40.4,16,COMPLETE,14.12.23.187,,,
bam_merge_and_sort,06:24.5,06:40.4,15,COMPLETE,14.12.22.183,,,
bam_merge_and_sort,06:24.3,06:39.7,15,COMPLETE,14.12.52.20,,,
bam_merge_and_sort,06:24.8,06:40.3,15,COMPLETE,14.12.20.125,,,
bam_merge_and_sort,06:24.8,06:39.8,14,COMPLETE,14.12.18.99,,,
bam_merge_and_sort,06:24.7,06:40.3,15,COMPLETE,14.12.18.216,,,
bam_merge_and_sort,06:24.7,06:41.0,16,COMPLETE,14.12.58.116,,,
bam_merge_and_sort,06:24.8,06:40.4,15,COMPLETE,14.12.59.57,,,
bam_merge_and_sort,06:25.0,06:40.4,15,COMPLETE,14.12.21.15,,,
bam_merge_and_sort,06:25.0,06:39.7,14,COMPLETE,14.12.63.20,,,
bam_merge_and_sort,06:25.4,06:40.6,15,COMPLETE,14.12.16.148,,,
bam_merge_and_sort,06:25.1,06:40.8,15,COMPLETE,14.12.49.186,,,
bam_merge_and_sort,06:25.1,06:40.2,15,COMPLETE,14.12.63.104,,,
bam_merge_and_sort,06:25.2,06:40.6,15,COMPLETE,14.12.59.225,,,
bam_merge_and_sort,06:25.4,06:41.3,15,COMPLETE,14.12.30.207,,,
bam_merge_and_sort,06:25.1,06:39.5,14,COMPLETE,14.12.23.158,,,
bam_merge_and_sort,06:25.4,06:40.8,15,COMPLETE,14.12.28.34,,,
bam_merge_and_sort,06:25.4,06:40.2,14,COMPLETE,14.12.20.213,,,
bam_merge_and_sort,06:25.4,06:39.7,14,COMPLETE,14.12.31.165,,,
bam_merge_and_sort,06:25.5,06:41.2,15,COMPLETE,14.12.49.210,,,
bam_merge_and_sort,06:25.7,06:41.4,15,COMPLETE,14.12.25.24,,,
bam_merge_and_sort,06:25.3,06:40.4,15,COMPLETE,14.12.24.253,,,
bam_merge_and_sort,06:26.0,06:40.9,14,COMPLETE,14.12.28.82,,,
bam_merge_and_sort,06:26.0,06:40.9,14,COMPLETE,14.12.22.139,,,
bam_merge_and_sort,06:26.0,06:40.0,14,COMPLETE,14.12.28.73,,,
bam_merge_and_sort,06:26.0,06:40.0,13,COMPLETE,14.12.22.163,,,
bam_merge_and_sort,06:25.8,06:40.4,14,COMPLETE,14.12.23.193,,,
bam_merge_and_sort,06:26.0,06:40.0,14,COMPLETE,14.12.50.48,,,
bam_merge_and_sort,06:26.0,06:40.3,14,COMPLETE,14.12.52.172,,,
bam_merge_and_sort,06:26.0,06:39.5,13,COMPLETE,14.12.23.158,,,
bam_merge_and_sort,06:25.9,06:40.5,14,COMPLETE,14.12.25.188,,,
bam_merge_and_sort,06:26.3,06:41.7,15,COMPLETE,14.12.22.4,,,
bam_merge_and_sort,06:26.2,06:40.6,14,COMPLETE,14.12.63.96,,,
bam_merge_and_sort,06:26.3,06:39.7,13,COMPLETE,14.12.54.83,,,
bam_merge_and_sort,06:26.5,06:40.4,13,COMPLETE,14.12.61.177,,,
bam_merge_and_sort,06:26.8,06:40.7,13,COMPLETE,14.12.23.7,,,
bam_merge_and_sort,06:26.8,06:40.2,13,COMPLETE,14.12.16.76,,,
bam_merge_and_sort,06:26.7,06:40.8,14,COMPLETE,14.12.27.42,,,
bam_merge_and_sort,06:26.8,06:39.7,12,COMPLETE,14.12.23.1,,,
bam_merge_and_sort,06:26.4,06:41.2,14,COMPLETE,14.12.16.78,,,
bam_merge_and_sort,06:26.7,06:40.3,13,COMPLETE,14.12.53.254,,,
bam_merge_and_sort,06:27.6,06:40.2,12,COMPLETE,14.12.25.178,,,
bam_merge_and_sort,06:28.4,06:41.6,13,COMPLETE,14.12.23.7,,,
bam_merge_and_sort,06:28.4,06:41.6,13,COMPLETE,14.12.16.75,,,
bam_merge_and_sort,06:25.4,06:42.5,17,COMPLETE,14.12.30.207,,,
bam_merge_and_sort,06:25.6,06:42.9,17,COMPLETE,14.12.26.147,,,
bam_merge_and_sort,06:25.7,06:42.0,16,COMPLETE,14.12.16.239,,,
bam_merge_and_sort,06:25.8,06:42.0,16,COMPLETE,14.12.17.4,,,
bam_merge_and_sort,06:25.5,06:42.0,16,COMPLETE,14.12.59.5,,,
bam_merge_and_sort,06:25.8,06:42.6,16,COMPLETE,14.12.59.69,,,
bam_merge_and_sort,06:25.7,06:42.0,16,COMPLETE,14.12.31.54,,,
bam_merge_and_sort,06:26.5,06:41.9,15,COMPLETE,14.12.31.194,,,
bam_merge_and_sort,06:26.7,06:43.2,16,COMPLETE,14.12.24.158,,,
bam_merge_and_sort,06:26.8,06:42.4,15,COMPLETE,14.12.30.87,,,
bam_merge_and_sort,06:26.6,06:41.9,15,COMPLETE,14.12.53.68,,,
bam_merge_and_sort,06:27.1,06:42.2,15,COMPLETE,14.12.24.158,,,
bam_merge_and_sort,06:27.8,06:42.7,14,COMPLETE,14.12.31.134,,,
bam_merge_and_sort,06:27.8,06:42.9,15,COMPLETE,14.12.25.188,,,
bam_merge_and_sort,06:28.1,06:43.8,15,COMPLETE,14.12.31.84,,,
bam_merge_and_sort,06:09.1,06:45.5,36,COMPLETE,14.12.25.191,,,
bam_merge_and_sort,06:09.2,06:45.7,36,COMPLETE,14.12.54.244,,,
bam_merge_and_sort,06:09.1,06:45.8,36,COMPLETE,14.12.28.251,,,
bam_merge_and_sort,06:22.2,06:44.6,22,COMPLETE,14.12.51.142,,,
bam_merge_and_sort,06:23.7,06:44.0,20,COMPLETE,14.12.51.52,,,
bam_merge_and_sort,06:24.2,06:44.5,20,COMPLETE,14.12.25.24,,,
bam_merge_and_sort,06:23.9,06:43.7,19,COMPLETE,14.12.49.13,,,
bam_merge_and_sort,06:30.5,06:45.4,14,COMPLETE,14.12.31.88,,,
bam_merge_and_sort,06:32.9,06:45.4,12,COMPLETE,14.12.22.156,,,
bam_merge_and_sort,06:09.0,06:46.2,37,COMPLETE,14.12.62.134,,,
bam_merge_and_sort,06:09.2,06:46.7,37,COMPLETE,14.12.50.133,,,
bam_merge_and_sort,06:09.3,06:46.2,36,COMPLETE,14.12.54.65,,,
bam_merge_and_sort,06:29.9,06:46.7,16,COMPLETE,14.12.21.21,,,
bam_merge_and_sort,06:33.5,06:46.4,12,COMPLETE,14.12.18.250,,,
bam_merge_and_sort,06:33.9,06:47.6,13,COMPLETE,14.12.62.39,,,
bam_merge_and_sort,06:34.1,06:47.4,13,COMPLETE,14.12.19.124,,,
bam_merge_and_sort,06:34.3,06:47.0,12,COMPLETE,14.12.60.177,,,
bam_merge_and_sort,06:34.5,06:47.9,13,COMPLETE,14.12.17.173,,,
bam_merge_and_sort,06:34.5,06:47.8,13,COMPLETE,14.12.56.81,,,
bam_merge_and_sort,06:34.5,06:47.0,12,COMPLETE,14.12.26.34,,,
bam_merge_and_sort,06:34.6,06:47.1,12,COMPLETE,14.12.59.14,,,
bam_merge_and_sort,06:34.5,06:47.6,13,COMPLETE,14.12.54.178,,,
bam_merge_and_sort,06:34.9,06:48.0,13,COMPLETE,14.12.20.200,,,
bam_merge_and_sort,06:35.1,06:46.8,11,COMPLETE,14.12.57.78,,,
bam_merge_and_sort,06:35.2,06:47.4,12,COMPLETE,14.12.19.7,,,
bam_merge_and_sort,06:35.3,06:47.9,12,COMPLETE,14.12.23.69,,,
bam_merge_and_sort,06:35.1,06:47.6,12,COMPLETE,14.12.54.148,,,
bam_merge_and_sort,06:35.3,06:47.8,12,COMPLETE,14.12.31.103,,,
bam_merge_and_sort,06:35.5,06:47.1,11,COMPLETE,14.12.16.31,,,
bam_merge_and_sort,06:35.5,06:47.4,11,COMPLETE,14.12.49.102,,,
bam_merge_and_sort,06:35.5,06:47.6,12,COMPLETE,14.12.48.67,,,
bam_merge_and_sort,06:35.5,06:47.8,12,COMPLETE,14.12.27.165,,,
bam_merge_and_sort,06:35.7,06:47.9,12,COMPLETE,14.12.22.203,,,
bam_merge_and_sort,06:09.4,06:48.9,39,COMPLETE,14.12.31.123,,,
bam_merge_and_sort,06:09.1,06:48.4,39,COMPLETE,14.12.19.32,,,
bam_merge_and_sort,06:33.7,06:48.6,14,COMPLETE,14.12.24.146,,,
bam_merge_and_sort,06:34.0,06:49.0,15,COMPLETE,14.12.56.136,,,
bam_merge_and_sort,06:34.0,06:48.5,14,COMPLETE,14.12.51.118,,,
bam_merge_and_sort,06:34.3,06:49.2,14,COMPLETE,14.12.57.190,,,
bam_merge_and_sort,06:34.5,06:49.5,15,COMPLETE,14.12.58.106,,,
bam_merge_and_sort,06:34.3,06:48.4,14,COMPLETE,14.12.55.151,,,
bam_merge_and_sort,06:34.7,06:48.6,13,COMPLETE,14.12.62.194,,,
bam_merge_and_sort,06:34.8,06:48.6,13,COMPLETE,14.12.19.193,,,
bam_merge_and_sort,06:35.1,06:49.2,14,COMPLETE,14.12.18.216,,,
bam_merge_and_sort,06:34.7,06:49.4,14,COMPLETE,14.12.60.33,,,
bam_merge_and_sort,06:35.0,06:48.3,13,COMPLETE,14.12.60.147,,,
bam_merge_and_sort,06:35.3,06:49.2,13,COMPLETE,14.12.51.27,,,
bam_merge_and_sort,06:35.4,06:49.1,13,COMPLETE,14.12.53.149,,,
bam_merge_and_sort,06:35.3,06:49.1,13,COMPLETE,14.12.63.119,,,
bam_merge_and_sort,06:35.3,06:49.4,14,COMPLETE,14.12.21.56,,,
bam_merge_and_sort,06:35.3,06:48.3,12,COMPLETE,14.12.29.14,,,
bam_merge_and_sort,06:35.3,06:48.4,13,COMPLETE,14.12.59.108,,,
bam_merge_and_sort,06:35.3,06:48.1,12,COMPLETE,14.12.62.107,,,
bam_merge_and_sort,06:35.3,06:48.2,12,COMPLETE,14.12.57.17,,,
bam_merge_and_sort,06:35.2,06:49.2,13,COMPLETE,14.12.58.71,,,
bam_merge_and_sort,06:35.2,06:48.3,13,COMPLETE,14.12.28.248,,,
bam_merge_and_sort,06:35.8,06:48.4,12,COMPLETE,14.12.48.195,,,
bam_merge_and_sort,06:35.5,06:48.9,13,COMPLETE,14.12.24.45,,,
bam_merge_and_sort,06:35.5,06:48.6,13,COMPLETE,14.12.48.108,,,
bam_merge_and_sort,06:35.6,06:48.2,12,COMPLETE,14.12.58.146,,,
bam_merge_and_sort,06:35.8,06:48.4,12,COMPLETE,14.12.63.164,,,
bam_merge_and_sort,06:35.5,06:49.4,13,COMPLETE,14.12.60.38,,,
bam_merge_and_sort,06:35.7,06:48.2,12,COMPLETE,14.12.26.211,,,
bam_merge_and_sort,06:35.7,06:49.9,14,COMPLETE,14.12.26.216,,,
bam_merge_and_sort,06:35.5,06:49.4,13,COMPLETE,14.12.54.118,,,
bam_merge_and_sort,06:35.9,06:49.3,13,COMPLETE,14.12.63.99,,,
bam_merge_and_sort,06:35.8,06:49.0,13,COMPLETE,14.12.54.209,,,
bam_merge_and_sort,06:35.8,06:48.3,12,COMPLETE,14.12.30.125,,,
bam_merge_and_sort,06:35.5,06:48.6,13,COMPLETE,14.12.49.82,,,
bam_merge_and_sort,06:35.6,06:48.2,12,COMPLETE,14.12.29.13,,,
bam_merge_and_sort,06:35.7,06:49.3,13,COMPLETE,14.12.50.61,,,
bam_merge_and_sort,06:35.8,06:48.4,12,COMPLETE,14.12.31.94,,,
bam_merge_and_sort,06:35.8,06:48.8,12,COMPLETE,14.12.54.12,,,
bam_merge_and_sort,06:35.5,06:49.8,14,COMPLETE,14.12.57.208,,,
bam_merge_and_sort,06:35.9,06:49.1,13,COMPLETE,14.12.57.26,,,
bam_merge_and_sort,06:36.0,06:49.5,13,COMPLETE,14.12.61.170,,,
bam_merge_and_sort,06:35.9,06:49.3,13,COMPLETE,14.12.60.183,,,
bam_merge_and_sort,06:35.9,06:48.2,12,COMPLETE,14.12.57.117,,,
bam_merge_and_sort,06:35.8,06:48.9,13,COMPLETE,14.12.18.207,,,
bam_merge_and_sort,06:36.0,06:48.9,12,COMPLETE,14.12.62.214,,,
bam_merge_and_sort,06:36.0,06:48.7,12,COMPLETE,14.12.56.158,,,
bam_merge_and_sort,06:35.8,06:47.8,11,COMPLETE,14.12.53.128,,,
bam_merge_and_sort,06:36.2,06:49.0,12,COMPLETE,14.12.30.37,,,
bam_merge_and_sort,06:36.3,06:49.2,12,COMPLETE,14.12.62.147,,,
bam_merge_and_sort,06:36.2,06:49.4,13,COMPLETE,14.12.48.183,,,
bam_merge_and_sort,06:36.3,06:48.3,12,COMPLETE,14.12.60.133,,,
bam_merge_and_sort,06:36.0,06:49.7,13,COMPLETE,14.12.53.71,,,
bam_merge_and_sort,06:36.3,06:49.9,13,COMPLETE,14.12.24.185,,,
bam_merge_and_sort,06:36.5,06:49.8,13,COMPLETE,14.12.16.188,,,
bam_merge_and_sort,06:36.7,06:49.9,13,COMPLETE,14.12.50.201,,,
bam_merge_and_sort,06:36.4,06:48.9,12,COMPLETE,14.12.62.57,,,
bam_merge_and_sort,06:36.5,06:49.1,12,COMPLETE,14.12.23.248,,,
bam_merge_and_sort,06:36.7,06:49.6,12,COMPLETE,14.12.16.140,,,
bam_merge_and_sort,06:36.7,06:50.0,13,COMPLETE,14.12.23.49,,,
bam_merge_and_sort,06:36.5,06:49.2,12,COMPLETE,14.12.61.144,,,
bam_merge_and_sort,06:36.9,06:49.2,12,COMPLETE,14.12.21.252,,,
bam_merge_and_sort,06:36.6,06:50.0,13,COMPLETE,14.12.27.105,,,
bam_merge_and_sort,06:36.9,06:50.0,13,COMPLETE,14.12.17.1,,,
bam_merge_and_sort,06:37.0,06:50.0,13,COMPLETE,14.12.23.56,,,
bam_merge_and_sort,06:36.8,06:49.9,13,COMPLETE,14.12.22.53,,,
bam_merge_and_sort,06:37.0,06:49.8,12,COMPLETE,14.12.48.59,,,
bam_merge_and_sort,06:36.9,06:49.7,12,COMPLETE,14.12.57.109,,,
bam_merge_and_sort,06:37.0,06:50.1,13,COMPLETE,14.12.23.245,,,
bam_merge_and_sort,06:37.0,06:50.1,13,COMPLETE,14.12.16.103,,,
bam_merge_and_sort,06:37.1,06:50.1,13,COMPLETE,14.12.54.173,,,
bam_merge_and_sort,06:37.3,06:49.7,12,COMPLETE,14.12.22.60,,,
bam_merge_and_sort,06:37.2,06:49.6,12,COMPLETE,14.12.20.70,,,
bam_merge_and_sort,06:37.3,06:50.3,12,COMPLETE,14.12.23.88,,,
bam_merge_and_sort,06:37.3,06:50.0,12,COMPLETE,14.12.29.114,,,
bam_merge_and_sort,06:37.5,06:50.3,12,COMPLETE,14.12.49.189,,,
bam_merge_and_sort,06:37.4,06:49.9,12,COMPLETE,14.12.25.77,,,
bam_merge_and_sort,06:37.5,06:49.9,12,COMPLETE,14.12.51.73,,,
bam_merge_and_sort,06:37.4,06:50.0,12,COMPLETE,14.12.62.83,,,
bam_merge_and_sort,06:37.2,06:49.7,12,COMPLETE,14.12.48.13,,,
bam_merge_and_sort,06:37.6,06:49.9,12,COMPLETE,14.12.58.245,,,
bam_merge_and_sort,06:37.7,06:50.0,12,COMPLETE,14.12.57.249,,,
bam_merge_and_sort,06:37.7,06:49.4,11,COMPLETE,14.12.27.120,,,
bam_merge_and_sort,06:37.8,06:49.6,11,COMPLETE,14.12.27.33,,,
bam_merge_and_sort,06:38.0,06:49.5,11,COMPLETE,14.12.27.167,,,
bam_merge_and_sort,06:38.0,06:50.1,12,COMPLETE,14.12.53.135,,,
bam_merge_and_sort,06:37.8,06:49.4,11,COMPLETE,14.12.30.72,,,
bam_merge_and_sort,06:38.3,06:50.4,12,COMPLETE,14.12.29.36,,,
bam_merge_and_sort,06:38.6,06:50.2,11,COMPLETE,14.12.55.27,,,
bam_merge_and_sort,06:34.3,06:51.6,17,COMPLETE,14.12.30.19,,,
bam_merge_and_sort,06:34.4,06:51.1,16,COMPLETE,14.12.53.84,,,
bam_merge_and_sort,06:35.2,06:51.0,15,COMPLETE,14.12.21.114,,,
bam_merge_and_sort,06:35.3,06:51.1,15,COMPLETE,14.12.19.119,,,
bam_merge_and_sort,06:35.5,06:50.5,15,COMPLETE,14.12.31.74,,,
bam_merge_and_sort,06:35.4,06:51.9,16,COMPLETE,14.12.20.226,,,
bam_merge_and_sort,06:35.5,06:51.8,16,COMPLETE,14.12.24.160,,,
bam_merge_and_sort,06:35.4,06:51.2,15,COMPLETE,14.12.21.148,,,
bam_merge_and_sort,06:36.2,06:52.0,15,COMPLETE,14.12.48.216,,,
bam_merge_and_sort,06:36.1,06:50.4,14,COMPLETE,14.12.48.223,,,
bam_merge_and_sort,06:36.0,06:50.8,14,COMPLETE,14.12.59.211,,,
bam_merge_and_sort,06:36.4,06:50.4,14,COMPLETE,14.12.48.93,,,
bam_merge_and_sort,06:36.4,06:52.1,15,COMPLETE,14.12.56.103,,,
bam_merge_and_sort,06:36.3,06:50.3,14,COMPLETE,14.12.60.200,,,
bam_merge_and_sort,06:36.5,06:50.6,14,COMPLETE,14.12.16.49,,,
bam_merge_and_sort,06:36.4,06:51.2,14,COMPLETE,14.12.20.169,,,
bam_merge_and_sort,06:36.8,06:51.4,14,COMPLETE,14.12.21.21,,,
bam_merge_and_sort,06:36.4,06:50.2,13,COMPLETE,14.12.21.185,,,
bam_merge_and_sort,06:36.4,06:51.2,14,COMPLETE,14.12.55.201,,,
bam_merge_and_sort,06:36.7,06:51.3,14,COMPLETE,14.12.50.31,,,
bam_merge_and_sort,06:36.9,06:51.3,14,COMPLETE,14.12.28.67,,,
bam_merge_and_sort,06:37.1,06:50.8,13,COMPLETE,14.12.19.43,,,
bam_merge_and_sort,06:36.8,06:50.9,14,COMPLETE,14.12.52.217,,,
bam_merge_and_sort,06:37.2,06:51.6,14,COMPLETE,14.12.17.63,,,
bam_merge_and_sort,06:36.7,06:51.4,14,COMPLETE,14.12.28.17,,,
bam_merge_and_sort,06:37.0,06:50.7,13,COMPLETE,14.12.17.121,,,
bam_merge_and_sort,06:36.9,06:51.4,14,COMPLETE,14.12.29.96,,,
bam_merge_and_sort,06:37.3,06:51.0,13,COMPLETE,14.12.23.187,,,
bam_merge_and_sort,06:37.3,06:51.8,14,COMPLETE,14.12.20.213,,,
bam_merge_and_sort,06:36.9,06:50.7,13,COMPLETE,14.12.19.109,,,
bam_merge_and_sort,06:37.4,06:51.5,14,COMPLETE,14.12.22.4,,,
bam_merge_and_sort,06:37.2,06:51.0,13,COMPLETE,14.12.60.194,,,
bam_merge_and_sort,06:37.1,06:51.0,13,COMPLETE,14.12.17.181,,,
bam_merge_and_sort,06:37.6,06:52.1,14,COMPLETE,14.12.20.48,,,
bam_merge_and_sort,06:37.3,06:51.4,14,COMPLETE,14.12.63.45,,,
bam_merge_and_sort,06:37.6,06:51.0,13,COMPLETE,14.12.26.147,,,
bam_merge_and_sort,06:37.3,06:51.6,14,COMPLETE,14.12.30.139,,,
bam_merge_and_sort,06:37.4,06:51.9,14,COMPLETE,14.12.26.111,,,
bam_merge_and_sort,06:37.1,06:50.1,12,COMPLETE,14.12.50.252,,,
bam_merge_and_sort,06:37.7,06:52.6,14,COMPLETE,14.12.17.231,,,
bam_merge_and_sort,06:37.5,06:52.3,14,COMPLETE,14.12.51.122,,,
bam_merge_and_sort,06:37.1,06:50.5,13,COMPLETE,14.12.58.133,,,
bam_merge_and_sort,06:37.4,06:51.8,14,COMPLETE,14.12.31.54,,,
bam_merge_and_sort,06:37.7,06:51.5,13,COMPLETE,14.12.56.123,,,
bam_merge_and_sort,06:37.5,06:50.4,12,COMPLETE,14.12.18.146,,,
bam_merge_and_sort,06:37.9,06:52.0,14,COMPLETE,14.12.22.139,,,
bam_merge_and_sort,06:37.6,06:51.3,13,COMPLETE,14.12.29.56,,,
bam_merge_and_sort,06:37.7,06:50.6,12,COMPLETE,14.12.55.48,,,
bam_merge_and_sort,06:37.8,06:51.1,13,COMPLETE,14.12.26.250,,,
bam_merge_and_sort,06:37.9,06:51.4,13,COMPLETE,14.12.52.86,,,
bam_merge_and_sort,06:37.9,06:52.1,14,COMPLETE,14.12.24.104,,,
bam_merge_and_sort,06:37.8,06:50.4,12,COMPLETE,14.12.26.11,,,
bam_merge_and_sort,06:38.1,06:50.9,12,COMPLETE,14.12.31.69,,,
bam_merge_and_sort,06:37.9,06:52.2,14,COMPLETE,14.12.60.159,,,
bam_merge_and_sort,06:37.7,06:52.1,14,COMPLETE,14.12.62.136,,,
bam_merge_and_sort,06:37.7,06:50.6,12,COMPLETE,14.12.51.56,,,
bam_merge_and_sort,06:38.2,06:51.1,12,COMPLETE,14.12.26.155,,,
bam_merge_and_sort,06:38.3,06:51.0,12,COMPLETE,14.12.31.123,,,
bam_merge_and_sort,06:38.2,06:51.6,13,COMPLETE,14.12.24.82,,,
bam_merge_and_sort,06:38.3,06:52.4,14,COMPLETE,14.12.24.28,,,
bam_merge_and_sort,06:37.8,06:50.9,13,COMPLETE,14.12.19.109,,,
bam_merge_and_sort,06:38.1,06:52.4,14,COMPLETE,14.12.30.208,,,
bam_merge_and_sort,06:38.2,06:51.5,13,COMPLETE,14.12.27.42,,,
bam_merge_and_sort,06:37.9,06:51.6,13,COMPLETE,14.12.54.254,,,
bam_merge_and_sort,06:38.4,06:52.2,13,COMPLETE,14.12.24.28,,,
bam_merge_and_sort,06:38.4,06:51.4,13,COMPLETE,14.12.17.231,,,
bam_merge_and_sort,06:38.1,06:51.4,13,COMPLETE,14.12.56.196,,,
bam_merge_and_sort,06:38.2,06:51.2,13,COMPLETE,14.12.57.226,,,
bam_merge_and_sort,06:38.2,06:51.9,13,COMPLETE,14.12.21.136,,,
bam_merge_and_sort,06:38.2,06:52.2,14,COMPLETE,14.12.22.51,,,
bam_merge_and_sort,06:38.2,06:52.2,14,COMPLETE,14.12.59.151,,,
bam_merge_and_sort,06:37.9,06:50.9,12,COMPLETE,14.12.26.115,,,
bam_merge_and_sort,06:38.3,06:52.2,13,COMPLETE,14.12.25.58,,,
bam_merge_and_sort,06:38.5,06:51.2,12,COMPLETE,14.12.26.6,,,
bam_merge_and_sort,06:38.3,06:50.6,12,COMPLETE,14.12.56.52,,,
bam_merge_and_sort,06:38.3,06:50.7,12,COMPLETE,14.12.19.44,,,
bam_merge_and_sort,06:38.4,06:51.4,12,COMPLETE,14.12.17.34,,,
bam_merge_and_sort,06:38.4,06:50.9,12,COMPLETE,14.12.54.140,,,
bam_merge_and_sort,06:38.6,06:52.1,13,COMPLETE,14.12.62.116,,,
bam_merge_and_sort,06:38.7,06:51.0,12,COMPLETE,14.12.21.243,,,
bam_merge_and_sort,06:38.4,06:50.8,12,COMPLETE,14.12.62.200,,,
bam_merge_and_sort,06:38.4,06:51.9,13,COMPLETE,14.12.20.214,,,
bam_merge_and_sort,06:38.4,06:51.1,12,COMPLETE,14.12.55.233,,,
bam_merge_and_sort,06:38.6,06:50.6,12,COMPLETE,14.12.18.169,,,
bam_merge_and_sort,06:38.5,06:50.6,12,COMPLETE,14.12.57.70,,,
bam_merge_and_sort,06:38.2,06:50.3,12,COMPLETE,14.12.52.79,,,
bam_merge_and_sort,06:38.5,06:51.9,13,COMPLETE,14.12.26.28,,,
bam_merge_and_sort,06:38.9,06:52.6,13,COMPLETE,14.12.22.183,,,
bam_merge_and_sort,06:38.9,06:52.3,13,COMPLETE,14.12.21.117,,,
bam_merge_and_sort,06:38.9,06:50.7,11,COMPLETE,14.12.23.62,,,
bam_merge_and_sort,06:38.9,06:52.1,13,COMPLETE,14.12.62.252,,,
bam_merge_and_sort,06:38.9,06:52.1,13,COMPLETE,14.12.26.28,,,
bam_merge_and_sort,06:39.1,06:51.2,12,COMPLETE,14.12.27.21,,,
bam_merge_and_sort,06:39.0,06:51.1,12,COMPLETE,14.12.60.36,,,
bam_merge_and_sort,06:39.5,06:52.1,12,COMPLETE,14.12.19.43,,,
bam_merge_and_sort,06:39.5,06:52.3,12,COMPLETE,14.12.16.76,,,
bam_merge_and_sort,06:39.3,06:51.5,12,COMPLETE,14.12.29.156,,,
bam_merge_and_sort,06:39.5,06:52.6,13,COMPLETE,14.12.29.253,,,
bam_merge_and_sort,06:39.2,06:51.8,12,COMPLETE,14.12.49.111,,,
bam_merge_and_sort,06:39.4,06:52.4,13,COMPLETE,14.12.30.160,,,
bam_merge_and_sort,06:39.7,06:52.7,12,COMPLETE,14.12.23.1,,,
bam_merge_and_sort,06:39.7,06:52.4,12,COMPLETE,14.12.63.20,,,
bam_merge_and_sort,06:40.0,06:52.2,12,COMPLETE,14.12.50.48,,,
bam_merge_and_sort,06:33.9,06:52.6,18,COMPLETE,14.12.51.104,,,
bam_merge_and_sort,06:35.8,06:53.8,17,COMPLETE,14.12.22.252,,,
bam_merge_and_sort,06:36.6,06:53.8,17,COMPLETE,14.12.16.27,,,
bam_merge_and_sort,06:36.6,06:53.1,16,COMPLETE,14.12.57.32,,,
bam_merge_and_sort,06:36.9,06:53.4,16,COMPLETE,14.12.59.106,,,
bam_merge_and_sort,06:37.1,06:52.7,15,COMPLETE,14.12.18.99,,,
bam_merge_and_sort,06:37.1,06:53.5,16,COMPLETE,14.12.31.165,,,
bam_merge_and_sort,06:37.4,06:52.5,15,COMPLETE,14.12.58.132,,,
bam_merge_and_sort,06:37.7,06:52.5,14,COMPLETE,14.12.59.77,,,
bam_merge_and_sort,06:38.1,06:52.8,14,COMPLETE,14.12.30.159,,,
bam_merge_and_sort,06:38.2,06:53.5,15,COMPLETE,14.12.31.194,,,
bam_merge_and_sort,06:38.0,06:53.9,15,COMPLETE,14.12.16.198,,,
bam_merge_and_sort,06:37.9,06:52.4,14,COMPLETE,14.12.19.32,,,
bam_merge_and_sort,06:37.9,06:52.3,14,COMPLETE,14.12.31.88,,,
bam_merge_and_sort,06:38.4,06:52.9,14,COMPLETE,14.12.20.125,,,
bam_merge_and_sort,06:38.4,06:52.8,14,COMPLETE,14.12.28.204,,,
bam_merge_and_sort,06:38.2,06:52.6,14,COMPLETE,14.12.58.45,,,
bam_merge_and_sort,06:38.8,06:53.1,14,COMPLETE,14.12.16.239,,,
bam_merge_and_sort,06:38.7,06:54.2,15,COMPLETE,14.12.26.6,,,
bam_merge_and_sort,06:38.3,06:53.8,15,COMPLETE,14.12.48.170,,,
bam_merge_and_sort,06:38.7,06:53.3,14,COMPLETE,14.12.21.15,,,
bam_merge_and_sort,06:38.7,06:52.4,13,COMPLETE,14.12.57.77,,,
bam_merge_and_sort,06:39.0,06:52.9,13,COMPLETE,14.12.50.99,,,
bam_merge_and_sort,06:38.9,06:53.9,14,COMPLETE,14.12.16.183,,,
bam_merge_and_sort,06:39.2,06:53.7,14,COMPLETE,14.12.28.204,,,
bam_merge_and_sort,06:39.3,06:53.1,13,COMPLETE,14.12.28.82,,,
bam_merge_and_sort,06:39.2,06:52.8,13,COMPLETE,14.12.23.1,,,
bam_merge_and_sort,06:39.0,06:52.5,13,COMPLETE,14.12.51.243,,,
bam_merge_and_sort,06:39.3,06:54.0,14,COMPLETE,14.12.30.159,,,
bam_merge_and_sort,06:39.2,06:52.9,13,COMPLETE,14.12.22.67,,,
bam_merge_and_sort,06:39.2,06:53.5,14,COMPLETE,14.12.22.67,,,
bam_merge_and_sort,06:39.3,06:52.6,13,COMPLETE,14.12.31.184,,,
bam_merge_and_sort,06:39.3,06:52.6,13,COMPLETE,14.12.60.251,,,
bam_merge_and_sort,06:39.4,06:53.6,14,COMPLETE,14.12.49.149,,,
bam_merge_and_sort,06:39.4,06:54.6,15,COMPLETE,14.12.16.198,,,
bam_merge_and_sort,06:39.6,06:53.3,13,COMPLETE,14.12.30.87,,,
bam_merge_and_sort,06:39.2,06:53.4,14,COMPLETE,14.12.21.185,,,
bam_merge_and_sort,06:39.5,06:54.2,14,COMPLETE,14.12.23.158,,,
bam_merge_and_sort,06:39.8,06:54.6,14,COMPLETE,14.12.18.99,,,
bam_merge_and_sort,06:39.5,06:54.4,14,COMPLETE,14.12.23.158,,,
bam_merge_and_sort,06:39.7,06:52.6,12,COMPLETE,14.12.52.20,,,
bam_merge_and_sort,06:39.7,06:53.0,13,COMPLETE,14.12.54.83,,,
bam_merge_and_sort,06:39.9,06:53.2,13,COMPLETE,14.12.59.30,,,
bam_merge_and_sort,06:40.0,06:52.7,12,COMPLETE,14.12.28.73,,,
bam_merge_and_sort,06:40.2,06:52.9,12,COMPLETE,14.12.16.76,,,
bam_merge_and_sort,06:40.3,06:54.9,14,COMPLETE,14.12.20.125,,,
bam_merge_and_sort,06:40.2,06:54.2,14,COMPLETE,14.12.20.213,,,
bam_merge_and_sort,06:39.6,06:53.3,13,COMPLETE,14.12.53.13,,,
bam_merge_and_sort,06:40.2,06:52.6,12,COMPLETE,14.12.25.178,,,
bam_merge_and_sort,06:40.2,06:53.8,13,COMPLETE,14.12.63.104,,,
bam_merge_and_sort,06:40.3,06:54.0,13,COMPLETE,14.12.52.172,,,
bam_merge_and_sort,06:40.4,06:53.3,12,COMPLETE,14.12.59.57,,,
bam_merge_and_sort,06:40.4,06:54.2,13,COMPLETE,14.12.23.193,,,
bam_merge_and_sort,06:40.7,06:54.1,13,COMPLETE,14.12.23.7,,,
bam_merge_and_sort,06:40.5,06:53.2,12,COMPLETE,14.12.51.75,,,
bam_merge_and_sort,06:40.2,06:54.0,13,COMPLETE,14.12.61.156,,,
bam_merge_and_sort,06:40.4,06:53.9,13,COMPLETE,14.12.61.177,,,
bam_merge_and_sort,06:40.6,06:54.3,13,COMPLETE,14.12.59.225,,,
bam_merge_and_sort,06:40.9,06:54.6,13,COMPLETE,14.12.28.82,,,
bam_merge_and_sort,06:40.6,06:52.5,11,COMPLETE,14.12.63.96,,,
bam_merge_and_sort,06:40.5,06:54.2,13,COMPLETE,14.12.25.188,,,
bam_merge_and_sort,06:40.4,06:53.0,12,COMPLETE,14.12.24.253,,,
bam_merge_and_sort,06:41.4,06:54.6,13,COMPLETE,14.12.25.24,,,
bam_merge_and_sort,06:41.2,06:54.0,12,COMPLETE,14.12.49.210,,,
bam_merge_and_sort,06:41.7,06:54.5,12,COMPLETE,14.12.22.4,,,
bam_merge_and_sort,06:42.0,06:54.2,12,COMPLETE,14.12.59.5,,,
bam_merge_and_sort,06:36.9,06:54.9,17,COMPLETE,14.12.56.41,,,
bam_merge_and_sort,06:38.3,06:56.3,17,COMPLETE,14.12.17.63,,,
bam_merge_and_sort,06:38.2,06:55.1,16,COMPLETE,14.12.28.34,,,
bam_merge_and_sort,06:38.9,06:55.1,16,COMPLETE,14.12.22.163,,,
bam_merge_and_sort,06:38.7,06:55.0,16,COMPLETE,14.12.28.17,,,
bam_merge_and_sort,06:39.7,06:55.3,15,COMPLETE,14.12.31.165,,,
bam_merge_and_sort,06:40.0,06:55.5,15,COMPLETE,14.12.22.163,,,
bam_merge_and_sort,06:39.5,06:54.8,15,COMPLETE,14.12.25.99,,,
bam_merge_and_sort,06:40.4,06:56.7,16,COMPLETE,14.12.22.183,,,
bam_merge_and_sort,06:40.4,06:55.4,15,COMPLETE,14.12.21.15,,,
bam_merge_and_sort,06:40.3,06:55.6,15,COMPLETE,14.12.18.216,,,
bam_merge_and_sort,06:40.4,06:56.6,16,COMPLETE,14.12.23.187,,,
bam_merge_and_sort,06:40.6,06:56.8,16,COMPLETE,14.12.16.148,,,
bam_merge_and_sort,06:40.3,06:55.4,15,COMPLETE,14.12.53.254,,,
bam_merge_and_sort,06:40.9,06:55.3,14,COMPLETE,14.12.22.139,,,
bam_merge_and_sort,06:40.8,06:55.1,14,COMPLETE,14.12.28.34,,,
bam_merge_and_sort,06:40.8,06:55.7,14,COMPLETE,14.12.27.42,,,
bam_merge_and_sort,06:40.7,06:55.0,14,COMPLETE,14.12.16.183,,,
bam_merge_and_sort,06:40.8,06:55.0,14,COMPLETE,14.12.49.186,,,
bam_merge_and_sort,06:41.0,06:56.6,15,COMPLETE,14.12.58.116,,,
bam_merge_and_sort,06:41.3,06:56.2,14,COMPLETE,14.12.19.239,,,
bam_merge_and_sort,06:41.3,06:56.1,14,COMPLETE,14.12.30.207,,,
bam_merge_and_sort,06:41.6,06:55.9,14,COMPLETE,14.12.23.7,,,
bam_merge_and_sort,06:41.6,06:56.1,14,COMPLETE,14.12.16.75,,,
bam_merge_and_sort,06:41.2,06:55.0,13,COMPLETE,14.12.16.78,,,
bam_merge_and_sort,06:41.9,06:55.4,13,COMPLETE,14.12.31.194,,,
bam_merge_and_sort,06:42.1,06:56.1,14,COMPLETE,14.12.17.4,,,
bam_merge_and_sort,06:42.2,06:56.9,14,COMPLETE,14.12.24.158,,,
bam_merge_and_sort,06:41.9,06:54.8,12,COMPLETE,14.12.53.68,,,
bam_merge_and_sort,06:42.4,06:56.1,13,COMPLETE,14.12.30.87,,,
bam_merge_and_sort,06:42.0,06:56.1,14,COMPLETE,14.12.31.54,,,
bam_merge_and_sort,06:42.6,06:56.5,13,COMPLETE,14.12.59.69,,,
bam_merge_and_sort,06:42.9,06:56.4,13,COMPLETE,14.12.26.147,,,
bam_merge_and_sort,06:42.7,06:55.8,13,COMPLETE,14.12.31.134,,,
bam_merge_and_sort,06:52.2,06:56.4,4,COMPLETE,14.12.22.51,,,
bam_merge_and_sort,06:54.1,06:56.6,2,COMPLETE,14.12.23.7,,,
bam_merge_and_sort,06:53.8,06:56.4,2,COMPLETE,14.12.63.104,,,
bam_merge_and_sort,06:53.8,06:55.5,1,COMPLETE,14.12.22.252,,,
bam_merge_and_sort,06:54.2,06:56.2,2,COMPLETE,14.12.26.6,,,
bam_merge_and_sort,06:53.9,06:55.9,1,COMPLETE,14.12.61.177,,,
bam_merge_and_sort,06:53.8,06:55.5,1,COMPLETE,14.12.48.170,,,
bam_merge_and_sort,06:53.9,06:56.2,2,COMPLETE,14.12.16.183,,,
bam_merge_and_sort,06:54.0,06:56.0,1,COMPLETE,14.12.52.172,,,
bam_merge_and_sort,06:54.2,06:55.8,1,COMPLETE,14.12.20.213,,,
bam_merge_and_sort,06:54.0,06:55.4,1,COMPLETE,14.12.49.210,,,
bam_merge_and_sort,06:54.0,06:56.1,2,COMPLETE,14.12.61.156,,,
bam_merge_and_sort,06:54.2,06:55.9,1,COMPLETE,14.12.59.5,,,
bam_merge_and_sort,06:54.2,06:56.5,2,COMPLETE,14.12.23.158,,,
bam_merge_and_sort,06:54.4,06:56.6,2,COMPLETE,14.12.59.225,,,
bam_merge_and_sort,06:54.5,06:56.8,2,COMPLETE,14.12.22.4,,,
bam_merge_and_sort,06:54.6,06:56.4,1,COMPLETE,14.12.18.99,,,
bam_merge_and_sort,06:54.2,06:56.1,1,COMPLETE,14.12.25.188,,,
bam_merge_and_sort,06:54.6,06:56.5,1,COMPLETE,14.12.25.24,,,
bam_merge_and_sort,06:54.4,06:56.2,1,COMPLETE,14.12.23.158,,,
bam_merge_and_sort,06:54.6,06:56.1,1,COMPLETE,14.12.16.198,,,
bam_merge_and_sort,06:54.9,06:56.7,1,COMPLETE,14.12.20.125,,,
bam_merge_and_sort,06:54.9,06:56.0,1,COMPLETE,14.12.56.41,,,
bam_merge_and_sort,06:54.8,06:56.3,1,COMPLETE,14.12.53.68,,,
bam_merge_and_sort,06:55.1,06:57.0,1,COMPLETE,14.12.22.163,,,
bam_merge_and_sort,06:55.1,06:56.8,1,COMPLETE,14.12.28.34,,,
bam_merge_and_sort,06:55.3,06:56.6,1,COMPLETE,14.12.22.139,,,
bam_merge_and_sort,06:55.1,06:56.9,1,COMPLETE,14.12.28.34,,,
bam_merge_and_sort,06:55.0,06:56.2,1,COMPLETE,14.12.49.186,,,
bam_merge_and_sort,06:55.4,06:56.9,1,COMPLETE,14.12.31.194,,,
bam_merge_and_sort,06:54.8,06:56.1,1,COMPLETE,14.12.25.99,,,
bam_merge_and_sort,06:22.4,06:58.4,36,COMPLETE,14.12.23.212,,,
bam_merge_and_sort,06:39.3,06:57.8,18,COMPLETE,14.12.17.4,,,
bam_merge_and_sort,06:39.6,06:57.8,18,COMPLETE,14.12.16.148,,,
bam_merge_and_sort,06:42.0,06:57.5,15,COMPLETE,14.12.16.239,,,
bam_merge_and_sort,06:42.5,06:59.0,16,COMPLETE,14.12.30.207,,,
bam_merge_and_sort,06:42.9,06:58.5,15,COMPLETE,14.12.25.188,,,
bam_merge_and_sort,06:43.8,06:58.2,14,COMPLETE,14.12.31.84,,,
bam_merge_and_sort,06:44.0,06:57.6,13,COMPLETE,14.12.51.52,,,
bam_merge_and_sort,06:43.7,06:56.9,13,COMPLETE,14.12.49.13,,,
bam_merge_and_sort,06:44.5,06:58.3,13,COMPLETE,14.12.25.24,,,
bam_merge_and_sort,06:44.6,06:57.5,12,COMPLETE,14.12.51.142,,,
bam_merge_and_sort,06:45.4,06:58.7,13,COMPLETE,14.12.22.156,,,
bam_merge_and_sort,06:46.4,06:58.8,12,COMPLETE,14.12.18.250,,,
bam_merge_and_sort,06:46.2,06:58.7,12,COMPLETE,14.12.62.134,,,
bam_merge_and_sort,06:52.2,06:58.2,6,COMPLETE,14.12.60.159,,,
bam_merge_and_sort,06:52.2,06:58.6,6,COMPLETE,14.12.59.151,,,
bam_merge_and_sort,06:52.1,06:58.3,6,COMPLETE,14.12.26.28,,,
bam_merge_and_sort,06:52.3,06:57.5,5,COMPLETE,14.12.51.122,,,
bam_merge_and_sort,06:52.3,06:57.0,4,COMPLETE,14.12.21.117,,,
bam_merge_and_sort,06:52.6,06:59.1,6,COMPLETE,14.12.22.183,,,
bam_merge_and_sort,06:52.4,06:58.7,6,COMPLETE,14.12.30.160,,,
bam_merge_and_sort,06:52.1,06:58.5,6,COMPLETE,14.12.62.136,,,
bam_merge_and_sort,06:52.6,06:58.1,5,COMPLETE,14.12.17.231,,,
bam_merge_and_sort,06:52.4,06:58.9,6,COMPLETE,14.12.30.208,,,
bam_merge_and_sort,06:52.6,06:57.4,4,COMPLETE,14.12.29.253,,,
bam_merge_and_sort,06:52.3,06:58.2,5,COMPLETE,14.12.31.88,,,
bam_merge_and_sort,06:52.4,06:57.9,5,COMPLETE,14.12.57.77,,,
bam_merge_and_sort,06:52.7,06:58.5,5,COMPLETE,14.12.23.1,,,
bam_merge_and_sort,06:52.7,06:59.0,6,COMPLETE,14.12.28.73,,,
bam_merge_and_sort,06:52.5,06:57.4,4,COMPLETE,14.12.58.132,,,
bam_merge_and_sort,06:52.4,06:57.3,4,COMPLETE,14.12.19.32,,,
bam_merge_and_sort,06:52.6,06:56.9,4,COMPLETE,14.12.25.178,,,
bam_merge_and_sort,06:52.6,06:58.5,5,COMPLETE,14.12.51.104,,,
bam_merge_and_sort,06:52.5,06:58.0,5,COMPLETE,14.12.63.96,,,
bam_merge_and_sort,06:52.8,06:58.0,5,COMPLETE,14.12.30.159,,,
bam_merge_and_sort,06:52.9,06:57.9,5,COMPLETE,14.12.16.76,,,
bam_merge_and_sort,06:52.6,06:57.3,4,COMPLETE,14.12.31.184,,,
bam_merge_and_sort,06:52.8,06:58.5,5,COMPLETE,14.12.28.204,,,
bam_merge_and_sort,06:52.5,06:58.4,5,COMPLETE,14.12.59.77,,,
bam_merge_and_sort,06:52.6,06:57.6,4,COMPLETE,14.12.52.20,,,
bam_merge_and_sort,06:52.6,06:56.8,4,COMPLETE,14.12.60.251,,,
bam_merge_and_sort,06:52.6,06:57.0,4,COMPLETE,14.12.51.243,,,
bam_merge_and_sort,06:52.6,06:57.7,5,COMPLETE,14.12.58.45,,,
bam_merge_and_sort,06:52.8,06:58.2,5,COMPLETE,14.12.23.1,,,
bam_merge_and_sort,06:52.9,06:59.0,6,COMPLETE,14.12.20.125,,,
bam_merge_and_sort,06:53.1,06:57.8,4,COMPLETE,14.12.28.82,,,
bam_merge_and_sort,06:53.1,06:57.8,4,COMPLETE,14.12.16.239,,,
bam_merge_and_sort,06:52.9,06:58.4,5,COMPLETE,14.12.50.99,,,
bam_merge_and_sort,06:53.0,06:57.8,4,COMPLETE,14.12.54.83,,,
bam_merge_and_sort,06:53.3,06:57.8,4,COMPLETE,14.12.21.15,,,
bam_merge_and_sort,06:53.2,06:57.5,4,COMPLETE,14.12.59.30,,,
bam_merge_and_sort,06:53.2,06:58.6,5,COMPLETE,14.12.51.75,,,
bam_merge_and_sort,06:53.5,06:58.9,5,COMPLETE,14.12.31.194,,,
bam_merge_and_sort,06:53.3,06:57.9,4,COMPLETE,14.12.59.57,,,
bam_merge_and_sort,06:53.1,06:57.4,4,COMPLETE,14.12.57.32,,,
bam_merge_and_sort,06:53.0,06:57.1,4,COMPLETE,14.12.24.253,,,
bam_merge_and_sort,06:53.7,06:58.2,4,COMPLETE,14.12.28.204,,,
bam_merge_and_sort,06:53.5,06:58.3,4,COMPLETE,14.12.22.67,,,
bam_merge_and_sort,06:53.6,06:58.0,4,COMPLETE,14.12.49.149,,,
bam_merge_and_sort,06:53.4,06:56.6,3,COMPLETE,14.12.21.185,,,
bam_merge_and_sort,06:53.3,06:56.7,3,COMPLETE,14.12.53.13,,,
bam_merge_and_sort,06:53.8,06:58.6,4,COMPLETE,14.12.16.27,,,
bam_merge_and_sort,06:54.0,06:58.3,4,COMPLETE,14.12.30.159,,,
bam_merge_and_sort,06:53.9,06:57.7,3,COMPLETE,14.12.16.198,,,
bam_merge_and_sort,06:54.2,06:57.2,2,COMPLETE,14.12.23.193,,,
bam_merge_and_sort,06:54.6,06:58.5,3,COMPLETE,14.12.28.82,,,
bam_merge_and_sort,06:55.0,06:57.6,2,COMPLETE,14.12.16.183,,,
bam_merge_and_sort,06:55.5,06:57.2,1,COMPLETE,14.12.22.163,,,
bam_merge_and_sort,06:55.4,06:57.4,1,COMPLETE,14.12.21.15,,,
bam_merge_and_sort,06:09.0,07:00.4,51,COMPLETE,14.12.48.211,,,
bam_merge_and_sort,06:22.9,06:58.9,35,COMPLETE,14.12.54.105,,,
bam_merge_and_sort,06:23.2,06:59.3,36,COMPLETE,14.12.56.86,,,
bam_merge_and_sort,06:24.1,07:00.1,35,COMPLETE,14.12.60.86,,,
bam_merge_and_sort,06:36.7,06:59.1,22,COMPLETE,14.12.63.213,,,
bam_merge_and_sort,06:37.2,06:59.0,21,COMPLETE,14.12.60.109,,,
bam_merge_and_sort,06:43.2,07:01.0,17,COMPLETE,14.12.24.158,,,
bam_merge_and_sort,06:45.5,06:59.0,13,COMPLETE,14.12.25.191,,,
bam_merge_and_sort,06:45.7,06:59.1,13,COMPLETE,14.12.54.244,,,
bam_merge_and_sort,06:45.4,06:59.0,13,COMPLETE,14.12.31.88,,,
bam_merge_and_sort,06:45.8,06:59.5,13,COMPLETE,14.12.28.251,,,
bam_merge_and_sort,06:46.7,07:00.9,14,COMPLETE,14.12.21.21,,,
bam_merge_and_sort,06:46.7,06:59.3,12,COMPLETE,14.12.50.133,,,
bam_merge_and_sort,06:46.8,06:59.6,12,COMPLETE,14.12.57.78,,,
bam_merge_and_sort,06:47.0,07:00.8,13,COMPLETE,14.12.26.34,,,
bam_merge_and_sort,06:47.1,06:59.1,12,COMPLETE,14.12.16.31,,,
bam_merge_and_sort,06:47.1,06:59.3,12,COMPLETE,14.12.59.14,,,
bam_merge_and_sort,06:47.4,07:00.0,12,COMPLETE,14.12.49.102,,,
bam_merge_and_sort,06:47.4,06:59.5,12,COMPLETE,14.12.19.7,,,
bam_merge_and_sort,06:47.4,07:00.0,12,COMPLETE,14.12.19.124,,,
bam_merge_and_sort,06:47.8,07:00.6,12,COMPLETE,14.12.56.81,,,
bam_merge_and_sort,06:47.6,07:00.8,13,COMPLETE,14.12.62.39,,,
bam_merge_and_sort,06:47.9,06:59.6,11,COMPLETE,14.12.23.69,,,
bam_merge_and_sort,06:47.9,07:00.6,12,COMPLETE,14.12.22.203,,,
bam_merge_and_sort,06:48.4,07:01.3,12,COMPLETE,14.12.48.195,,,
bam_merge_and_sort,06:47.8,07:00.1,12,COMPLETE,14.12.53.128,,,
bam_merge_and_sort,06:48.3,07:00.3,12,COMPLETE,14.12.30.125,,,
bam_merge_and_sort,06:48.2,07:00.8,12,COMPLETE,14.12.57.117,,,
bam_merge_and_sort,06:48.4,07:00.3,11,COMPLETE,14.12.63.164,,,
bam_merge_and_sort,06:48.4,07:00.6,12,COMPLETE,14.12.31.94,,,
bam_merge_and_sort,06:48.4,07:00.7,12,COMPLETE,14.12.59.108,,,
bam_merge_and_sort,06:48.3,07:00.6,12,COMPLETE,14.12.28.248,,,
bam_merge_and_sort,06:48.6,07:00.6,12,COMPLETE,14.12.49.82,,,
bam_merge_and_sort,06:49.1,07:00.9,11,COMPLETE,14.12.63.119,,,
bam_merge_and_sort,06:49.1,07:00.3,11,COMPLETE,14.12.57.26,,,
bam_merge_and_sort,06:51.9,07:01.0,9,COMPLETE,14.12.26.111,,,
bam_merge_and_sort,06:51.9,07:00.0,8,COMPLETE,14.12.20.226,,,
bam_merge_and_sort,06:52.2,06:59.8,7,COMPLETE,14.12.50.48,,,
bam_merge_and_sort,06:52.4,06:59.0,6,COMPLETE,14.12.63.20,,,
bam_merge_and_sort,06:52.7,07:00.0,7,COMPLETE,14.12.18.99,,,
bam_merge_and_sort,06:52.9,07:00.7,7,COMPLETE,14.12.22.67,,,
bam_merge_and_sort,06:53.3,06:59.9,6,COMPLETE,14.12.30.87,,,
bam_merge_and_sort,06:53.4,07:00.0,6,COMPLETE,14.12.59.106,,,
bam_merge_and_sort,06:53.5,07:00.0,6,COMPLETE,14.12.31.165,,,
bam_merge_and_sort,06:09.1,07:01.8,52,COMPLETE,14.12.55.113,,,
bam_merge_and_sort,06:24.7,07:02.4,37,COMPLETE,14.12.28.73,,,
bam_merge_and_sort,06:46.2,07:01.2,14,COMPLETE,14.12.54.65,,,
bam_merge_and_sort,06:47.6,07:01.2,13,COMPLETE,14.12.48.67,,,
bam_merge_and_sort,06:47.6,07:01.1,13,COMPLETE,14.12.54.178,,,
bam_merge_and_sort,06:47.9,07:01.8,13,COMPLETE,14.12.17.173,,,
bam_merge_and_sort,06:47.8,07:01.6,13,COMPLETE,14.12.31.103,,,
bam_merge_and_sort,06:47.6,07:01.4,13,COMPLETE,14.12.54.148,,,
bam_merge_and_sort,06:47.8,07:01.4,13,COMPLETE,14.12.27.165,,,
bam_merge_and_sort,06:48.0,07:01.0,12,COMPLETE,14.12.20.200,,,
bam_merge_and_sort,06:48.2,07:01.4,13,COMPLETE,14.12.58.146,,,
bam_merge_and_sort,06:48.1,07:02.7,14,COMPLETE,14.12.62.107,,,
bam_merge_and_sort,06:48.3,07:02.2,13,COMPLETE,14.12.60.133,,,
bam_merge_and_sort,06:48.2,07:02.5,14,COMPLETE,14.12.57.17,,,
bam_merge_and_sort,06:48.4,07:02.2,13,COMPLETE,14.12.19.32,,,
bam_merge_and_sort,06:48.6,07:01.7,13,COMPLETE,14.12.62.194,,,
bam_merge_and_sort,06:48.6,07:02.5,13,COMPLETE,14.12.24.146,,,
bam_merge_and_sort,06:48.6,07:02.1,13,COMPLETE,14.12.48.108,,,
bam_merge_and_sort,06:48.7,07:01.1,12,COMPLETE,14.12.56.158,,,
bam_merge_and_sort,06:48.4,07:01.3,12,COMPLETE,14.12.55.151,,,
bam_merge_and_sort,06:48.6,07:01.9,13,COMPLETE,14.12.51.118,,,
bam_merge_and_sort,06:48.8,07:01.0,12,COMPLETE,14.12.54.12,,,
bam_merge_and_sort,06:48.6,07:02.3,13,COMPLETE,14.12.19.193,,,
bam_merge_and_sort,06:49.0,07:01.7,12,COMPLETE,14.12.30.37,,,
bam_merge_and_sort,06:48.9,07:02.9,13,COMPLETE,14.12.24.45,,,
bam_merge_and_sort,06:49.0,07:02.6,13,COMPLETE,14.12.56.136,,,
bam_merge_and_sort,06:49.0,07:01.9,12,COMPLETE,14.12.54.209,,,
bam_merge_and_sort,06:49.2,07:02.8,13,COMPLETE,14.12.21.252,,,
bam_merge_and_sort,06:49.2,07:01.4,12,COMPLETE,14.12.62.147,,,
bam_merge_and_sort,06:49.3,07:01.8,12,COMPLETE,14.12.63.99,,,
bam_merge_and_sort,06:49.1,07:02.3,13,COMPLETE,14.12.23.248,,,
bam_merge_and_sort,06:49.2,07:01.3,12,COMPLETE,14.12.51.27,,,
bam_merge_and_sort,06:49.3,07:01.1,11,COMPLETE,14.12.50.61,,,
bam_merge_and_sort,06:49.3,07:02.2,12,COMPLETE,14.12.60.183,,,
bam_merge_and_sort,06:49.5,07:02.3,12,COMPLETE,14.12.61.170,,,
bam_merge_and_sort,06:49.4,07:02.8,13,COMPLETE,14.12.21.56,,,
bam_merge_and_sort,06:49.2,07:01.6,12,COMPLETE,14.12.61.144,,,
bam_merge_and_sort,06:49.4,07:02.0,12,COMPLETE,14.12.27.120,,,
bam_merge_and_sort,06:49.6,07:01.4,11,COMPLETE,14.12.27.33,,,
bam_merge_and_sort,06:49.4,07:02.1,12,COMPLETE,14.12.60.38,,,
bam_merge_and_sort,06:49.7,07:02.7,12,COMPLETE,14.12.22.60,,,
bam_merge_and_sort,06:49.4,07:01.4,11,COMPLETE,14.12.60.33,,,
bam_merge_and_sort,06:49.9,07:02.8,12,COMPLETE,14.12.58.245,,,
bam_merge_and_sort,06:50.0,07:02.7,12,COMPLETE,14.12.17.1,,,
bam_merge_and_sort,06:49.9,07:02.2,12,COMPLETE,14.12.24.185,,,
bam_merge_and_sort,06:50.0,07:02.6,12,COMPLETE,14.12.23.56,,,
bam_merge_and_sort,06:49.9,07:01.8,11,COMPLETE,14.12.25.77,,,
bam_merge_and_sort,06:50.0,07:02.7,12,COMPLETE,14.12.57.249,,,
bam_merge_and_sort,06:49.7,07:02.1,12,COMPLETE,14.12.48.13,,,
bam_merge_and_sort,06:50.0,07:03.0,13,COMPLETE,14.12.62.83,,,
bam_merge_and_sort,06:50.1,07:01.5,11,COMPLETE,14.12.16.103,,,
bam_merge_and_sort,06:50.0,07:02.6,12,COMPLETE,14.12.27.105,,,
bam_merge_and_sort,06:50.3,07:02.8,12,COMPLETE,14.12.49.189,,,
bam_merge_and_sort,06:50.3,07:02.9,12,COMPLETE,14.12.23.88,,,
bam_merge_and_sort,06:50.4,07:02.6,12,COMPLETE,14.12.48.223,,,
bam_merge_and_sort,06:50.5,07:02.5,11,COMPLETE,14.12.31.74,,,
bam_merge_and_sort,06:50.6,07:02.0,11,COMPLETE,14.12.16.49,,,
bam_merge_and_sort,06:50.6,07:01.6,11,COMPLETE,14.12.55.48,,,
bam_merge_and_sort,06:50.6,07:02.9,12,COMPLETE,14.12.18.169,,,
bam_merge_and_sort,06:50.6,07:02.2,11,COMPLETE,14.12.57.70,,,
bam_merge_and_sort,06:50.9,07:03.1,12,COMPLETE,14.12.31.69,,,
bam_merge_and_sort,06:50.7,07:01.5,10,COMPLETE,14.12.23.62,,,
bam_merge_and_sort,06:50.5,07:01.4,10,COMPLETE,14.12.58.133,,,
bam_merge_and_sort,06:51.1,07:02.3,11,COMPLETE,14.12.53.84,,,
bam_merge_and_sort,06:51.1,07:01.5,10,COMPLETE,14.12.60.36,,,
bam_merge_and_sort,06:51.0,07:02.7,11,COMPLETE,14.12.17.181,,,
bam_merge_and_sort,06:50.9,07:01.2,10,COMPLETE,14.12.26.115,,,
bam_merge_and_sort,06:51.4,07:02.1,10,COMPLETE,14.12.17.34,,,
bam_merge_and_sort,06:51.4,07:02.3,10,COMPLETE,14.12.52.86,,,
bam_merge_and_sort,06:51.6,07:02.3,10,COMPLETE,14.12.24.82,,,
bam_merge_and_sort,06:51.4,07:01.5,10,COMPLETE,14.12.29.96,,,
bam_merge_and_sort,06:51.6,07:02.6,11,COMPLETE,14.12.30.19,,,
bam_merge_and_sort,06:51.4,07:02.5,11,COMPLETE,14.12.28.17,,,
bam_merge_and_sort,06:52.1,07:02.4,10,COMPLETE,14.12.20.48,,,
bam_merge_and_sort,06:51.6,07:02.6,11,COMPLETE,14.12.54.254,,,
bam_merge_and_sort,06:52.1,07:02.9,10,COMPLETE,14.12.19.43,,,
bam_merge_and_sort,06:51.8,07:01.8,10,COMPLETE,14.12.24.160,,,
bam_merge_and_sort,06:51.9,07:03.0,11,COMPLETE,14.12.21.136,,,
bam_merge_and_sort,06:51.9,07:01.9,10,COMPLETE,14.12.20.214,,,
bam_merge_and_sort,06:52.1,07:02.6,10,COMPLETE,14.12.62.116,,,
bam_merge_and_sort,06:52.0,07:01.3,9,COMPLETE,14.12.48.216,,,
bam_merge_and_sort,06:51.8,07:02.0,10,COMPLETE,14.12.49.111,,,
bam_merge_and_sort,06:52.2,07:01.7,9,COMPLETE,14.12.25.58,,,
bam_merge_and_sort,06:51.9,07:01.1,9,COMPLETE,14.12.26.28,,,
bam_merge_and_sort,06:52.1,07:02.8,10,COMPLETE,14.12.24.104,,,
bam_merge_and_sort,06:52.1,07:02.7,10,COMPLETE,14.12.62.252,,,
bam_merge_and_sort,06:52.1,07:02.2,10,COMPLETE,14.12.56.103,,,
bam_merge_and_sort,06:52.4,07:02.6,10,COMPLETE,14.12.24.28,,,
bam_merge_and_sort,06:48.2,07:03.7,15,COMPLETE,14.12.26.211,,,
bam_merge_and_sort,06:48.3,07:03.9,15,COMPLETE,14.12.29.14,,,
bam_merge_and_sort,06:48.2,07:03.3,15,COMPLETE,14.12.29.13,,,
bam_merge_and_sort,06:48.3,07:02.8,14,COMPLETE,14.12.60.147,,,
bam_merge_and_sort,06:48.9,07:04.9,15,COMPLETE,14.12.31.123,,,
bam_merge_and_sort,06:48.9,07:03.2,14,COMPLETE,14.12.62.214,,,
bam_merge_and_sort,06:49.2,07:03.3,14,COMPLETE,14.12.18.216,,,
bam_merge_and_sort,06:48.9,07:04.2,15,COMPLETE,14.12.62.57,,,
bam_merge_and_sort,06:48.9,07:02.9,14,COMPLETE,14.12.18.207,,,
bam_merge_and_sort,06:49.2,07:03.4,14,COMPLETE,14.12.57.190,,,
bam_merge_and_sort,06:49.4,07:03.3,13,COMPLETE,14.12.48.183,,,
bam_merge_and_sort,06:49.2,07:03.0,13,COMPLETE,14.12.58.71,,,
bam_merge_and_sort,06:49.5,07:03.9,14,COMPLETE,14.12.27.167,,,
bam_merge_and_sort,06:49.6,07:04.5,14,COMPLETE,14.12.16.140,,,
bam_merge_and_sort,06:49.5,07:04.0,14,COMPLETE,14.12.58.106,,,
bam_merge_and_sort,06:49.4,07:04.8,15,COMPLETE,14.12.30.72,,,
bam_merge_and_sort,06:49.6,07:04.4,14,COMPLETE,14.12.20.70,,,
bam_merge_and_sort,06:49.9,07:04.6,14,COMPLETE,14.12.50.201,,,
bam_merge_and_sort,06:49.4,07:03.1,13,COMPLETE,14.12.54.118,,,
bam_merge_and_sort,06:49.8,07:03.4,13,COMPLETE,14.12.16.188,,,
bam_merge_and_sort,06:49.7,07:04.3,14,COMPLETE,14.12.57.109,,,
bam_merge_and_sort,06:49.9,07:04.0,14,COMPLETE,14.12.26.216,,,
bam_merge_and_sort,06:49.9,07:03.7,13,COMPLETE,14.12.51.73,,,
bam_merge_and_sort,06:50.0,07:03.4,13,COMPLETE,14.12.29.114,,,
bam_merge_and_sort,06:49.7,07:03.0,13,COMPLETE,14.12.53.71,,,
bam_merge_and_sort,06:50.0,07:03.3,13,COMPLETE,14.12.23.49,,,
bam_merge_and_sort,06:50.1,07:04.3,14,COMPLETE,14.12.53.135,,,
bam_merge_and_sort,06:49.8,07:03.5,13,COMPLETE,14.12.57.208,,,
bam_merge_and_sort,06:50.2,07:04.0,13,COMPLETE,14.12.55.27,,,
bam_merge_and_sort,06:50.1,07:04.4,14,COMPLETE,14.12.23.245,,,
bam_merge_and_sort,06:50.4,07:03.6,13,COMPLETE,14.12.29.36,,,
bam_merge_and_sort,06:50.1,07:04.2,14,COMPLETE,14.12.50.252,,,
bam_merge_and_sort,06:50.2,07:03.0,12,COMPLETE,14.12.21.185,,,
bam_merge_and_sort,06:50.3,07:03.9,13,COMPLETE,14.12.60.200,,,
bam_merge_and_sort,06:50.4,07:03.2,12,COMPLETE,14.12.18.146,,,
bam_merge_and_sort,06:50.4,07:03.2,12,COMPLETE,14.12.26.11,,,
bam_merge_and_sort,06:50.8,07:05.4,14,COMPLETE,14.12.19.43,,,
bam_merge_and_sort,06:50.6,07:03.2,12,COMPLETE,14.12.56.52,,,
bam_merge_and_sort,06:51.0,07:03.8,12,COMPLETE,14.12.26.147,,,
bam_merge_and_sort,06:50.3,07:03.9,13,COMPLETE,14.12.52.79,,,
bam_merge_and_sort,06:50.7,07:03.6,12,COMPLETE,14.12.19.44,,,
bam_merge_and_sort,06:50.7,07:03.2,12,COMPLETE,14.12.17.121,,,
bam_merge_and_sort,06:51.0,07:04.9,13,COMPLETE,14.12.31.123,,,
bam_merge_and_sort,06:51.0,07:03.5,12,COMPLETE,14.12.21.243,,,
bam_merge_and_sort,06:50.8,07:04.9,14,COMPLETE,14.12.62.200,,,
bam_merge_and_sort,06:50.6,07:04.5,13,COMPLETE,14.12.51.56,,,
bam_merge_and_sort,06:51.0,07:04.1,13,COMPLETE,14.12.23.187,,,
bam_merge_and_sort,06:50.9,07:04.6,13,COMPLETE,14.12.54.140,,,
bam_merge_and_sort,06:51.2,07:04.1,12,COMPLETE,14.12.26.6,,,
bam_merge_and_sort,06:51.1,07:04.7,13,COMPLETE,14.12.26.155,,,
bam_merge_and_sort,06:50.7,07:04.2,13,COMPLETE,14.12.19.109,,,
bam_merge_and_sort,06:51.0,07:04.0,13,COMPLETE,14.12.21.114,,,
bam_merge_and_sort,06:51.1,07:04.8,13,COMPLETE,14.12.19.119,,,
bam_merge_and_sort,06:50.8,07:02.9,12,COMPLETE,14.12.59.211,,,
bam_merge_and_sort,06:50.9,07:03.6,12,COMPLETE,14.12.19.109,,,
bam_merge_and_sort,06:51.4,07:05.1,13,COMPLETE,14.12.21.21,,,
bam_merge_and_sort,06:51.3,07:05.2,13,COMPLETE,14.12.28.67,,,
bam_merge_and_sort,06:51.1,07:03.3,12,COMPLETE,14.12.55.233,,,
bam_merge_and_sort,06:51.1,07:03.5,12,COMPLETE,14.12.26.250,,,
bam_merge_and_sort,06:51.3,07:03.2,11,COMPLETE,14.12.57.226,,,
bam_merge_and_sort,06:51.2,07:04.0,12,COMPLETE,14.12.20.169,,,
bam_merge_and_sort,06:51.5,07:03.8,12,COMPLETE,14.12.56.123,,,
bam_merge_and_sort,06:51.5,07:03.6,12,COMPLETE,14.12.27.42,,,
bam_merge_and_sort,06:51.4,07:03.9,12,COMPLETE,14.12.56.196,,,
bam_merge_and_sort,06:51.2,07:04.1,12,COMPLETE,14.12.55.201,,,
bam_merge_and_sort,06:51.4,07:03.4,12,COMPLETE,14.12.63.45,,,
bam_merge_and_sort,06:51.5,07:04.8,13,COMPLETE,14.12.29.156,,,
bam_merge_and_sort,06:51.8,07:03.6,11,COMPLETE,14.12.20.213,,,
bam_merge_and_sort,06:51.6,07:03.1,11,COMPLETE,14.12.30.139,,,
bam_merge_and_sort,06:52.0,07:04.9,12,COMPLETE,14.12.22.139,,,
bam_merge_and_sort,06:52.2,07:03.9,11,COMPLETE,14.12.24.28,,,
bam_merge_and_sort,06:51.8,07:03.2,11,COMPLETE,14.12.31.54,,,
bam_merge_and_sort,06:52.3,07:05.5,13,COMPLETE,14.12.16.76,,,
bam_merge_and_sort,06:09.1,07:06.9,57,COMPLETE,14.12.61.103,,,
bam_merge_and_sort,06:49.9,07:05.4,15,COMPLETE,14.12.22.53,,,
bam_merge_and_sort,06:50.1,07:05.3,15,COMPLETE,14.12.54.173,,,
bam_merge_and_sort,06:51.0,07:05.8,14,COMPLETE,14.12.60.194,,,
bam_merge_and_sort,06:50.9,07:06.1,15,COMPLETE,14.12.52.217,,,
bam_merge_and_sort,06:51.6,07:05.7,14,COMPLETE,14.12.17.63,,,
bam_merge_and_sort,06:51.5,07:05.6,14,COMPLETE,14.12.22.4,,,
bam_merge_and_sort,06:08.9,07:05.1,56,COMPLETE,14.12.60.221,,,
bam_merge_and_sort,06:51.2,07:07.3,16,COMPLETE,14.12.27.21,,,
bam_merge_and_sort,06:51.4,07:08.3,16,COMPLETE,14.12.17.231,,,
bam_merge_and_sort,06:51.3,07:07.8,16,COMPLETE,14.12.29.56,,,
bam_merge_and_sort,06:35.8,07:11.1,35,COMPLETE,14.12.48.62,,,
bam_merge_and_sort,06:50.4,07:10.9,20,COMPLETE,14.12.48.93,,,
bam_merge_and_sort,06:08.7,07:10.2,61,COMPLETE,14.12.16.78,,,
bam_merge_and_sort,06:34.9,07:11.8,36,COMPLETE,14.12.50.87,,,
bam_merge_and_sort,06:36.4,07:11.7,35,COMPLETE,14.12.29.206,,,
bam_merge_and_sort,06:49.1,07:11.9,22,COMPLETE,14.12.53.149,,,
bam_merge_and_sort,06:38.3,07:13.5,35,COMPLETE,14.12.55.164,,,
bam_merge_and_sort,06:38.3,07:15.0,36,COMPLETE,14.12.19.239,,,
bam_merge_and_sort,06:51.2,07:20.0,28,COMPLETE,14.12.21.148,,,
bam_merge_and_sort,06:47.0,07:20.4,33,COMPLETE,14.12.60.177,,,
bam_merge_and_sort,06:51.3,07:25.5,34,COMPLETE,14.12.50.31,,,
bam_merge_and_sort,06:49.8,07:26.6,36,COMPLETE,14.12.48.59,,,